{"loss": [0.1647721827030182, 0.005687936209142208, 0.0034482204355299473, 0.0030327732674777508, 0.002804660238325596, 0.002639902988448739, 0.0025185486301779747, 0.0023991093039512634, 0.002290759701281786, 0.0022397483699023724, 0.0021819432731717825, 0.0021544932387769222, 0.0021373264025896788, 0.00209054839797318, 0.002066148677840829, 0.002025824273005128, 0.0020146644674241543, 0.001988368108868599, 0.001973086269572377, 0.0019475244916975498, 0.001924524549394846, 0.0018901526927947998, 0.001870320294983685, 0.001844616374000907, 0.0018254220485687256, 0.0018074599793180823, 0.0017816980835050344, 0.0017240080051124096, 0.001708352123387158, 0.0016644117422401905, 0.0016399972373619676, 0.0016126720001921058, 0.0015825539594516158, 0.0015330608002841473, 0.0015101251192390919, 0.0014753207797184587, 0.0014704548520967364, 0.0014307880774140358, 0.0013968790881335735, 0.0013847110094502568, 0.0013521288055926561, 0.0013500344939529896, 0.0012933496618643403, 0.0012843349250033498, 0.0012668758863583207, 0.0012554056011140347, 0.0012342174304649234, 0.0012132057454437017, 0.001196212600916624, 0.001199856516905129, 0.0011782689252868295, 0.0011668193619698286, 0.0011553982039913535, 0.0011514665093272924, 0.0011468486627563834, 0.001126265386119485, 0.0011026730062440038, 0.001101284520700574, 0.0010873682331293821, 0.0010683040600270033, 0.0010687671601772308, 0.0010701853316277266, 0.0010393174597993493, 0.0010268480982631445, 0.0010143796680495143, 0.0010209932224825025, 0.0010128752328455448, 0.0009984123753383756, 0.0009938111761584878, 0.0009884119499474764, 0.0009727646829560399, 0.0009739987435750663, 0.0009613485308364034, 0.0009610308916307986, 0.0009300761157646775, 0.0009331743349321187, 0.000936580472625792, 0.0009172342251986265, 0.0009211947326548398, 0.0009211548021994531, 0.0008898780797608197, 0.0008930169278755784, 0.0008973232470452785, 0.0009006544132716954, 0.0008883419795893133, 0.0008804913377389312, 0.0008726965170353651, 0.0008612699457444251, 0.0008726000669412315, 0.0008679078309796751, 0.0008592455997131765, 0.000847456743940711, 0.0008505093865096569, 0.0008503864519298077, 0.0008487414452247322, 0.0008286435040645301, 0.0008507160237058997, 0.0008304613875225186, 0.0008284601499326527, 0.0008079823455773294], "val_loss": [0.008433625102043152, 0.0038140681572258472, 0.003199606202542782, 0.002880253130570054, 0.002700031967833638, 0.002574675250798464, 0.0024620043113827705, 0.0023406599648296833, 0.002264926442876458, 0.0022097695618867874, 0.0021723962854593992, 0.0021316108759492636, 0.0020983456633985043, 0.0020928175654262304, 0.0020646557677537203, 0.0020223099272698164, 0.002017045859247446, 0.0019863431807607412, 0.0019520591013133526, 0.0019305903697386384, 0.001908563543111086, 0.0018833494978025556, 0.001859769457951188, 0.0018487636698409915, 0.0018125234637409449, 0.001793420291505754, 0.001759241335093975, 0.001728121773339808, 0.0016970349242910743, 0.0016644116258248687, 0.0016431829426437616, 0.0016137395286932588, 0.0015700210351496935, 0.0015430641360580921, 0.001509499386884272, 0.0014746439410373569, 0.0014405137626454234, 0.001412605750374496, 0.0014004586264491081, 0.0013791616074740887, 0.001338569330982864, 0.001344165881164372, 0.001297169947065413, 0.0012808777391910553, 0.0012554234126582742, 0.0012366310693323612, 0.0012311855098232627, 0.0012231527362018824, 0.0011910564498975873, 0.0011881730752065778, 0.0011799660278484225, 0.0011817484628409147, 0.001143594621680677, 0.0011363000376150012, 0.001165532972663641, 0.0011197177227586508, 0.0010996446944773197, 0.0010906218085438013, 0.0010890148114413023, 0.0010691944044083357, 0.0010723216691985726, 0.0010510804131627083, 0.0010560945374891162, 0.0010353995021432638, 0.001027507591061294, 0.0010109749855473638, 0.001005533616989851, 0.0010086528491228819, 0.0009879829594865441, 0.0009766077855601907, 0.0009824081789702177, 0.0009679424110800028, 0.0009700064547359943, 0.0009426489705219865, 0.0009395675733685493, 0.000954248767811805, 0.0009241652442142367, 0.0009241084917448461, 0.0009162385831587017, 0.0009146406664513052, 0.0009059834992513061, 0.0008976284298114479, 0.0008953260257840157, 0.0008967368630692363, 0.0008819812210276723, 0.000893108663149178, 0.0008760549244470894, 0.0008719256729818881, 0.0008664623601362109, 0.0008567192708142102, 0.0008685374050401151, 0.0008553893421776593, 0.0008547440520487726, 0.0008472103509120643, 0.0008333967416547239, 0.0008370946743525565, 0.0008334473241120577, 0.0008197777788154781, 0.0008212745888158679, 0.0008147775079123676]}