{"loss": [0.11918101459741592, 0.011163932271301746, 0.006882164161652327, 0.005671488121151924, 0.005481659900397062, 0.005187522619962692, 0.0042469375766813755, 0.0029604651499539614, 0.002303913002833724, 0.0020565115846693516, 0.001882655662484467, 0.001780795049853623, 0.0017180672148242593, 0.0016325742471963167, 0.0015858456026762724, 0.0015458108391612768, 0.0015023351879790425, 0.0014839749783277512, 0.0014573894441127777, 0.0014409964205697179, 0.0013804645277559757, 0.0013745974283665419, 0.0013512760633602738, 0.0013265638845041394, 0.0012985322391614318, 0.001286952057853341, 0.0012733836192637682, 0.0012551965191960335, 0.0012499656295403838, 0.001233087619766593, 0.0012083742767572403, 0.0011679225135594606, 0.0011580007849261165, 0.0011515087680891156, 0.0011443904368206859, 0.00112238060683012, 0.0011133389780297875, 0.0011072129709646106, 0.00110645592212677, 0.0010843280469998717, 0.001056961715221405, 0.0010610917815938592, 0.0010442073689773679, 0.0010402821935713291, 0.0010361697059124708, 0.0010179225355386734, 0.0009903922909870744, 0.0010039141634479165, 0.0009826062014326453, 0.0009783451678231359, 0.0009735921630635858, 0.0009658841881901026, 0.0009451211080886424, 0.0009441811707802117, 0.0009342275443486869, 0.0009154501021839678, 0.0009263331303372979, 0.0009130202233791351, 0.000903804786503315, 0.0009043866884894669, 0.0008782229269854724, 0.0008925438742153347, 0.0008779398631304502, 0.0008691416005603969, 0.0008665620116516948, 0.0008661120664328337, 0.0008430107845924795, 0.000844851485453546, 0.0008369070128537714, 0.0008311115088872612, 0.0008283448405563831, 0.000821220688521862, 0.0008233491680584848, 0.0008030540193431079, 0.0008003110997378826, 0.0008012015605345368, 0.0007899197516962886, 0.0007830317481420934, 0.0007675370434299111, 0.0007599794189445674, 0.0007583689293824136, 0.0007478888728655875, 0.0007566845742985606, 0.0007508728303946555, 0.000744965102057904, 0.0007402088376693428, 0.0007396246655844152, 0.0007367133512161672, 0.0007194702047854662, 0.0007188033196143806, 0.0007133106118999422, 0.0007059780182316899, 0.0007043433142825961, 0.0007061215001158416, 0.0006957839941605926, 0.0006808401085436344, 0.0006846713367849588, 0.0006771255866624415, 0.0006814927328377962, 0.0006758783129043877], "val_loss": [0.014421198517084122, 0.008521039970219135, 0.00588206248357892, 0.0055399551056325436, 0.005362138617783785, 0.004817822948098183, 0.0035410893615335226, 0.0025340099819004536, 0.002160615287721157, 0.0019721072167158127, 0.001824811683036387, 0.0017534649232402444, 0.0016979146748781204, 0.001605367287993431, 0.0015874215168878436, 0.001574198598973453, 0.0015092248795554042, 0.0014654797269031405, 0.001432486460544169, 0.0014180303551256657, 0.001379992114380002, 0.001407813047990203, 0.0013351631350815296, 0.00130558293312788, 0.0012893103994429111, 0.0012987935915589333, 0.0012504024198278785, 0.0012481858721002936, 0.0012202397920191288, 0.0011990545317530632, 0.001182885724119842, 0.0011682120384648442, 0.0011507734889164567, 0.0011376164620742202, 0.0011300843907520175, 0.0011272847186774015, 0.0010990737937390804, 0.001113949459977448, 0.0010821110336109996, 0.0010600895620882511, 0.0010523992823436856, 0.0010453995782881975, 0.0010366440983489156, 0.0010335491970181465, 0.0010164558188989758, 0.0010023596696555614, 0.0009945441270247102, 0.0009876670083031058, 0.000989906839095056, 0.0009993142448365688, 0.0009698808426037431, 0.0009531512041576207, 0.0009407256729900837, 0.0009323041304014623, 0.0009155549923889339, 0.0009225824032910168, 0.000920106889680028, 0.0009336370858363807, 0.0008965950692072511, 0.000894751981832087, 0.0008736234158277512, 0.000883681932464242, 0.0008706073276698589, 0.0008633442339487374, 0.0008631282835267484, 0.0008428574656136334, 0.0008373078308068216, 0.0008298898465000093, 0.0008314583101309836, 0.0008506471640430391, 0.000828178075607866, 0.0008146306499838829, 0.0008081638952717185, 0.0008000928210094571, 0.000814582803286612, 0.0008058893145062029, 0.0007751455414108932, 0.0007867334061302245, 0.0007685432792641222, 0.0007608001469634473, 0.0007587880827486515, 0.0007500213105231524, 0.0007626553997397423, 0.0007422099588438869, 0.0007388389203697443, 0.0007470616837963462, 0.0007294813985936344, 0.0007232101052068174, 0.0007256914395838976, 0.0007269681664183736, 0.0007218806422315538, 0.0007109084981493652, 0.0007112450548447669, 0.0006959093734622002, 0.0007005964871495962, 0.0006845943862572312, 0.0006890703807584941, 0.0006822880241088569, 0.0006778393290005624, 0.000661596714053303]}