{"loss": [0.2597684860229492, 0.055204953998327255, 0.02673366107046604, 0.02035382203757763, 0.016185421496629715, 0.014133219607174397, 0.012597044929862022, 0.010878892615437508, 0.009156481362879276, 0.00777872558683157, 0.006477451883256435, 0.004845752380788326, 0.004047802649438381, 0.003733590478077531, 0.0034721801057457924, 0.0033537722192704678, 0.003267570398747921, 0.003152393503114581, 0.0030344859696924686, 0.0029871438164263964, 0.002870966214686632, 0.0028166768606752157, 0.0027012706268578768, 0.002638152102008462, 0.0026338319294154644, 0.002472036285325885, 0.0024434213992208242, 0.0022894444409757853, 0.0023175112437456846, 0.002220603171736002, 0.002159625058993697, 0.0020717803854495287, 0.0020053526386618614, 0.0019389674998819828, 0.001865810016170144, 0.001835414906963706, 0.0017692882101982832, 0.0017180597642436624, 0.0016709117917343974, 0.0016571683809161186, 0.0015655499882996082, 0.001572542591020465, 0.0015182776842266321, 0.0014881978277117014, 0.001492484356276691, 0.0014854406472295523, 0.0014350187266245484, 0.0013969632564112544, 0.0013800672022625804, 0.0013970377622172236, 0.001324344426393509, 0.0013062091311439872, 0.0012950960081070662, 0.0012835762463510036, 0.001250672503374517, 0.0012374359648674726, 0.0012005005264654756, 0.0012242847587913275, 0.0012121928157284856, 0.001210416667163372, 0.0011971474159508944, 0.0011667133076116443, 0.001141727203503251, 0.0011232944671064615, 0.0011471140896901488, 0.0010906180832535028, 0.001074876170605421, 0.0010603994596749544, 0.00105106842238456, 0.0010382889304310083, 0.0010532301384955645, 0.0010311204241588712, 0.001017558271996677, 0.0010080774081870914, 0.0010242240969091654, 0.0010144999250769615, 0.0010009496472775936, 0.0009670299477875233, 0.0009556941222399473, 0.000987329287454486, 0.000963485857937485, 0.000949445238802582, 0.0009408338810317218, 0.0009405457531102002, 0.00094888563035056, 0.0009462239104323089, 0.0009016931871883571, 0.0009010503999888897, 0.0008937871316447854, 0.0009048120700754225, 0.0008824447286315262, 0.0009021294536069036, 0.0008833763422444463, 0.0008614941034466028, 0.0008540859562344849, 0.000843552581500262, 0.0008438444929197431, 0.0008400636725127697, 0.0008437545038759708, 0.0008466351428069174], "val_loss": [0.12544016540050507, 0.038711242377758026, 0.024001331999897957, 0.01793886348605156, 0.015300088562071323, 0.013317224569618702, 0.011636130511760712, 0.009883122518658638, 0.008315768092870712, 0.007070381660014391, 0.005406104028224945, 0.0043852487578988075, 0.0037663362454622984, 0.003554377006366849, 0.0033895664382725954, 0.0032750791870057583, 0.003144789719954133, 0.003100292757153511, 0.003014726098626852, 0.002923677209764719, 0.002787403529509902, 0.002761868294328451, 0.0026312528643757105, 0.002628306159749627, 0.002494336338713765, 0.002396238502115011, 0.002374670933932066, 0.002307260176166892, 0.0021920145954936743, 0.002177231712266803, 0.002071139868348837, 0.00205339421518147, 0.0019697118550539017, 0.0018519152654334903, 0.001792930532246828, 0.001781226135790348, 0.0017302610212936997, 0.0016475188313052058, 0.001649889862164855, 0.0015716480556875467, 0.0015651622088626027, 0.001510944333858788, 0.0014698478626087308, 0.0015139281749725342, 0.0014568202896043658, 0.0014043583068996668, 0.001373995910398662, 0.0013804698828607798, 0.0013292517978698015, 0.001322573865763843, 0.00129253463819623, 0.0012714583426713943, 0.0012554277200251818, 0.0012617981992661953, 0.0012161948252469301, 0.0012014267267659307, 0.0012133007403463125, 0.0012003821320831776, 0.0011626618215814233, 0.0011788442498072982, 0.001152634504251182, 0.0011383537203073502, 0.0011052971240133047, 0.0010926583781838417, 0.0010984396794810891, 0.001065549673512578, 0.001085868920199573, 0.0010776626877486706, 0.001057653920724988, 0.0010229567997157574, 0.0010264706797897816, 0.0010082833468914032, 0.001012237393297255, 0.0009913521353155375, 0.0009886103216558695, 0.0009819234255701303, 0.0009870815556496382, 0.0009530946845188737, 0.0009698374196887016, 0.0009393736254423857, 0.0009272785391658545, 0.0009213205776177347, 0.0009396658861078322, 0.0009441954316571355, 0.0009068390354514122, 0.0009063148754648864, 0.0009092556429095566, 0.0008882041438482702, 0.0008718750905245543, 0.0008693605195730925, 0.0008621790329925716, 0.0009092940017580986, 0.0008667715592309833, 0.0008566881879232824, 0.0008365843095816672, 0.0008494887151755393, 0.0008339459891431034, 0.000824863906018436, 0.0008345084497705102, 0.0008260758477263153]}