{"loss": [0.09426016360521317, 0.008892791345715523, 0.003193537937477231, 0.002264956710860133, 0.0019077325705438852, 0.001836320268921554, 0.0013913913862779737, 0.0012290930608287454, 0.001105627859942615, 0.0010156281059607863, 0.0009505415218882263, 0.0008974048541858792, 0.0008283365168608725, 0.0007821298786439002, 0.0007326132617890835, 0.0007047829567454755, 0.0006621138309128582, 0.0006416799151338637, 0.0006250832811929286, 0.0006010879878886044, 0.0005814193864353001, 0.0005659355665557086, 0.0005425321287475526, 0.0005095642991364002, 0.0005134635721333325, 0.0005017349612899125, 0.00047494861064478755, 0.00048016494838520885, 0.0004478527116589248, 0.000446721853222698, 0.00042278689215891063, 0.00043070997344329953, 0.0004171369946561754, 0.00041263113962486386, 0.000406620412832126, 0.00039174201083369553, 0.00039337677299045026, 0.00037408361095003784, 0.0003887477796524763, 0.0003639544011093676, 0.00036216014996171, 0.00035795260919258, 0.0003473080287221819, 0.0003438977582845837, 0.00035007167025469244, 0.0003381232381798327, 0.0003305445716250688, 0.00033570555387996137, 0.0003223484382033348, 0.00031442896579392254, 0.00032052502501755953, 0.00030545375193469226, 0.0003014966787304729, 0.00030819454696029425, 0.00030606708605773747, 0.00029062762041576207, 0.0002946109161712229, 0.0002886324655264616, 0.0002850797027349472, 0.000284002220723778, 0.000274255609838292, 0.0002694547292776406, 0.00027365912683308125, 0.00027056035469286144, 0.00027174572460353374, 0.00026361047639511526, 0.0002695437869988382, 0.00025892051053233445, 0.00025861759786494076, 0.0002515746164135635, 0.00024747723364271224, 0.0002509101468604058, 0.00025758391711860895, 0.00024582489277236164, 0.00024952657986432314, 0.0002386135165579617, 0.0002407538122497499, 0.00023491110187023878, 0.00023686404165346175, 0.0002284453366883099, 0.0002343192754779011, 0.00022715293744113296, 0.0002309420524397865, 0.00022449588868767023, 0.0002251112018711865, 0.0002192364481743425, 0.0002206795907113701, 0.00021483778255060315, 0.00022289747721515596, 0.0002207968500442803, 0.00020951504120603204, 0.00021446592290885746, 0.0002205937635153532, 0.00021801100228913128, 0.00020557372772600502, 0.00020405302348081023, 0.00020008864521514624, 0.00020856299670413136, 0.00020374910673126578, 0.00020682558533735573], "val_loss": [0.010201726108789444, 0.005492770113050938, 0.0023556905798614025, 0.0020160607527941465, 0.0016734208911657333, 0.0014846845297142863, 0.001265859231352806, 0.0011369906133040786, 0.0010365999769419432, 0.000958066841121763, 0.0008753204019740224, 0.0008324594236910343, 0.0007931185537017882, 0.0007322075543925166, 0.0007024529040791094, 0.0006719305529259145, 0.0006325191934593022, 0.0006563097122125328, 0.0006227269768714905, 0.0005640349118039012, 0.0005499590770341456, 0.0005841694655828178, 0.0005140594439581037, 0.0004918525228276849, 0.0005020248354412615, 0.00046708324225619435, 0.00046403438318520784, 0.00045365357073023915, 0.00044112044270150363, 0.0004341043240856379, 0.00042045515147037804, 0.0004300162836443633, 0.00039155021659098566, 0.0003931801184080541, 0.0003887178027071059, 0.00038138232775963843, 0.0003726100258063525, 0.0003660089278127998, 0.0003560499753803015, 0.0003575195441953838, 0.0003466926864348352, 0.000348817091435194, 0.00034168973797932267, 0.00033052722574211657, 0.00032828273833729327, 0.00032652620575390756, 0.00032365575316362083, 0.0003125049115624279, 0.00030646217055618763, 0.00030860432889312506, 0.00029751876718364656, 0.00030330612207762897, 0.00029223645105957985, 0.00029054691549390554, 0.0002885048743337393, 0.0002915792865678668, 0.0002800619404297322, 0.00028114908491261303, 0.00027374265482649207, 0.0002716899325605482, 0.00026826123939827085, 0.0002662548213265836, 0.00028110554558224976, 0.00025743621517904103, 0.00025762367295101285, 0.0002558337291702628, 0.00026165798772126436, 0.0002517877146601677, 0.0002476598019711673, 0.00025522467331029475, 0.00025464571081101894, 0.0002453093184158206, 0.0002423077676212415, 0.0002776396577246487, 0.00023941001563798636, 0.0002296289603691548, 0.00023290913668461144, 0.00022559637727681547, 0.00023207510821521282, 0.00023443410464096814, 0.0002208936493843794, 0.00021741981618106365, 0.00022609627922065556, 0.0002175010449718684, 0.00021564445341937244, 0.00021295934857334942, 0.00020611951185856014, 0.0002058545360341668, 0.00021039128478150815, 0.0002111130306730047, 0.00020100042456761003, 0.0002063855208689347, 0.0002127454208675772, 0.0002053476491710171, 0.00020168886112514883, 0.00020526550360955298, 0.00020028423750773072, 0.0001988949516089633, 0.00021064409520477057, 0.00019815283303614706]}