{"loss": [0.6051633358001709, 0.0880398228764534, 0.06320152431726456, 0.02487887255847454, 0.020048324018716812, 0.016669243574142456, 0.014811141416430473, 0.012624545022845268, 0.01159572508186102, 0.009991690516471863, 0.00908925011754036, 0.008475188165903091, 0.007587125524878502, 0.0067568132653832436, 0.004822492599487305, 0.0034564854577183723, 0.0029736626893281937, 0.0028195581398904324, 0.0026961667463183403, 0.0025881107430905104, 0.002401677891612053, 0.0023049074225127697, 0.0021460517309606075, 0.002031482756137848, 0.0020251141395419836, 0.001945551484823227, 0.001806441810913384, 0.0017493320629000664, 0.0017326577799394727, 0.0016667930176481605, 0.0016307234764099121, 0.0015602411003783345, 0.0015267741400748491, 0.0014903764240443707, 0.001451771822758019, 0.001398303429596126, 0.0013445059303194284, 0.0013136017369106412, 0.001294819638133049, 0.0012401525164023042, 0.0012338547967374325, 0.00117586983833462, 0.0011468117590993643, 0.0011102375574409962, 0.0010931253200396895, 0.0010334503604099154, 0.0010014454601332545, 0.0009744824492372572, 0.0009362245327793062, 0.0009236022015102208, 0.0008827551500871778, 0.0008615670958533883, 0.0008453906630165875, 0.0008177639101631939, 0.0008237042929977179, 0.0007826387300156057, 0.0008007835713215172, 0.0007557119824923575, 0.000738940027076751, 0.0007334505789913237, 0.0007253201329149306, 0.0007193650235421956, 0.0007157797808758914, 0.0007029911503195763, 0.0006888945354148746, 0.0006683525280095637, 0.0006714535411447287, 0.0006588976248167455, 0.0006480831070803106, 0.0006318815867416561, 0.000642153958324343, 0.0006280189845710993, 0.0006244672695174813, 0.00062457041349262, 0.0006111366674304008, 0.0006295985076576471, 0.0005920719122514129, 0.0005970431375317276, 0.0005928263417445123, 0.0005961377173662186, 0.0005820219521410763, 0.0005691046826541424, 0.0005713548744097352, 0.0005711648263968527, 0.0005816963384859264, 0.000571964425034821, 0.0005655410350300372, 0.0005529227200895548, 0.0005536703974939883, 0.000565176538657397, 0.0005362926749512553, 0.0005366418627090752, 0.0005306716193445027, 0.0005317968316376209, 0.0005341475480236113, 0.0005208469228819013, 0.0005319472984410822, 0.0005209685768932104, 0.0005097058019600809, 0.0005191462696529925], "val_loss": [0.18618665635585785, 0.10502856224775314, 0.02730153128504753, 0.023936383426189423, 0.018366586416959763, 0.01534899603575468, 0.013495291583240032, 0.012007367797195911, 0.010693651624023914, 0.00961019191890955, 0.008701645769178867, 0.007915506139397621, 0.007221982814371586, 0.005873610265552998, 0.003789024893194437, 0.003069284837692976, 0.0028207311406731606, 0.0026223971508443356, 0.002561138477176428, 0.002451356267556548, 0.002259098691865802, 0.0021419210825115442, 0.002098923781886697, 0.0019393103430047631, 0.001918636029586196, 0.00180297892075032, 0.0017775044543668628, 0.001683850190602243, 0.0016671093180775642, 0.0015663477825000882, 0.0015193712897598743, 0.00149885518476367, 0.0014903743285685778, 0.0014469401212409139, 0.0014068963937461376, 0.001370888203382492, 0.0012995809083804488, 0.001305940793827176, 0.0012330339523032308, 0.001199612976051867, 0.001195212360471487, 0.001164760673418641, 0.0011155296815559268, 0.0010519408388063312, 0.0010460378834977746, 0.0009805990848690271, 0.0009749730234034359, 0.0009453549864701927, 0.0008960882551036775, 0.0009058717987500131, 0.0008698957972228527, 0.0008489614701829851, 0.000801372283603996, 0.0007855951553210616, 0.000805186980869621, 0.0008018570370040834, 0.0007851425325497985, 0.0007351983804255724, 0.000729616149328649, 0.0007214859360828996, 0.000713238725438714, 0.0007001995109021664, 0.000704516947735101, 0.0006906196940690279, 0.0006644981913268566, 0.0006670948350802064, 0.0006627559196203947, 0.0006363946013152599, 0.0006460472359322011, 0.0006234690081328154, 0.0006309713353402913, 0.0006131758564151824, 0.0006213728338479996, 0.0006015044054947793, 0.0006075300043448806, 0.0005998399574309587, 0.0005930204642936587, 0.0005896075745113194, 0.0005717991734854877, 0.000567544368095696, 0.0005785771063528955, 0.0005563994054682553, 0.0005653195548802614, 0.0005491498159244657, 0.0005612503155134618, 0.0005597789422608912, 0.0005542439175769687, 0.000535345752723515, 0.0005627020727843046, 0.0005252279224805534, 0.000518301734700799, 0.0005271337577141821, 0.0005133921513333917, 0.0005065772566013038, 0.0005125560564920306, 0.0005093743675388396, 0.0005078669637441635, 0.0005109083722345531, 0.0005026108119636774, 0.0004875319136772305]}