{"loss": [0.029975341632962227, 0.01786145009100437, 0.017074108123779297, 0.016686467453837395, 0.016442198306322098, 0.016291022300720215, 0.016175800934433937, 0.0160986315459013, 0.016033098101615906, 0.01597200147807598, 0.01592441275715828, 0.015878748148679733, 0.015848837792873383, 0.015823546797037125, 0.015784086659550667, 0.015757575631141663, 0.015746213495731354, 0.015716414898633957, 0.015697769820690155, 0.015686554834246635, 0.015665726736187935, 0.015654727816581726, 0.015651095658540726, 0.015632202848792076, 0.015611749142408371, 0.015609749592840672, 0.015601394698023796, 0.015579436905682087, 0.015573311597108841, 0.015576828271150589, 0.015558037906885147, 0.015548167750239372, 0.0155398640781641, 0.015537151135504246, 0.015529927797615528, 0.015521064400672913, 0.015520719811320305, 0.015508479438722134, 0.015506261959671974, 0.015498197637498379], "val_loss": [0.018801748752593994, 0.017648005858063698, 0.016875535249710083, 0.01663932390511036, 0.01637592539191246, 0.01626826822757721, 0.016169298440217972, 0.016116345301270485, 0.01605682261288166, 0.01600763387978077, 0.015972860157489777, 0.015919767320156097, 0.01590854674577713, 0.01586218923330307, 0.015836432576179504, 0.015804756432771683, 0.015814144164323807, 0.015790285542607307, 0.01576586440205574, 0.015735793858766556, 0.015727344900369644, 0.015754368156194687, 0.015714138746261597, 0.01573348045349121, 0.01573501154780388, 0.0157309602946043, 0.015698077157139778, 0.015703925862908363, 0.01568189635872841, 0.01568884775042534, 0.01568382978439331, 0.015691353008151054, 0.015670171007514, 0.015698734670877457, 0.01566070318222046, 0.015669498592615128, 0.015672236680984497, 0.0156689565628767, 0.015663372352719307, 0.015663648024201393]}