{"loss": [0.1679791808128357, 0.02270480804145336, 0.01106507983058691, 0.0037864407058805227, 0.0029653364326804876, 0.002363283885642886, 0.0018568543018773198, 0.001605634344741702, 0.0014772642171010375, 0.0013383453479036689, 0.0012423902517184615, 0.0011699151946231723, 0.001115370192565024, 0.0010515998583287, 0.0010043090442195535, 0.000984137412160635, 0.0009627332910895348, 0.0009237093036063015, 0.0008806477417238057, 0.0008731881389394403, 0.0008568842895328999, 0.0008459908422082663, 0.0008212077082134783, 0.0007792527321726084, 0.0007668995531275868, 0.0007542318198829889, 0.000734878471121192, 0.0007390121463686228, 0.0007214101497083902, 0.0006926084752194583, 0.0006851778598502278, 0.0006811452331021428, 0.000670144974719733, 0.0006628299015574157, 0.0006548563251271844, 0.0006398461409844458, 0.0006287277210503817, 0.0006242462550289929, 0.0006097551668062806, 0.0006138398312032223, 0.0006028817733749747, 0.0005969414487481117, 0.0006004860624670982, 0.0005964842857792974, 0.0005583138554356992, 0.0005588859203271568, 0.0005604368052445352, 0.0005607529892586172, 0.0005385011900216341, 0.0005387413548305631, 0.0005371362203732133, 0.0005223577027209103, 0.0005202665342949331, 0.0005238844896666706, 0.0005132477381266654, 0.0005168156349100173, 0.0005083000869490206, 0.0004999415250495076, 0.000494322506710887, 0.0005028130835853517, 0.00048518911353312433, 0.00048083087312988937, 0.0004786347271874547, 0.00046732291230000556, 0.0004776223795488477, 0.00046910843229852617, 0.00046174656017683446, 0.0004674596420954913, 0.00046419844147749245, 0.0004587440053001046, 0.00045700022019445896, 0.00044840321061201394, 0.0004453699220903218, 0.00045723875518888235, 0.0004495044704526663, 0.00043651199666783214, 0.0004432918503880501, 0.0004435364680830389, 0.0004321020096540451, 0.00042875122744590044, 0.00042706256499513984, 0.00043108820682391524, 0.0004177209921181202, 0.00041150726610794663, 0.0004041710926685482, 0.0004113267350476235, 0.0004051642899867147, 0.00041000143392011523, 0.0004023066139779985, 0.0004054366145282984, 0.00040038389852270484, 0.00039375823689624667, 0.00039247077074833214, 0.00039413542253896594, 0.00039203109918162227, 0.0003993142454419285, 0.00039002642733976245, 0.0003840523713734001, 0.0003906041383743286, 0.00039130152435973287], "val_loss": [0.018776940181851387, 0.01055021584033966, 0.0025208841543644667, 0.002135904971510172, 0.0019000956090167165, 0.002304905094206333, 0.002629346214234829, 0.002868454437702894, 0.0029073392506688833, 0.0030327835120260715, 0.0031783212907612324, 0.0033681897912174463, 0.00328441453166306, 0.0035303637851029634, 0.003602424403652549, 0.0036276725586503744, 0.003871634602546692, 0.0038034177850931883, 0.004046217072755098, 0.0038935313932597637, 0.004149009473621845, 0.00400153174996376, 0.004396890290081501, 0.004221457522362471, 0.004458034411072731, 0.004385729320347309, 0.004641814157366753, 0.004624058958142996, 0.004666045308113098, 0.004960866179317236, 0.004870610777288675, 0.005040517542511225, 0.004601034801453352, 0.004956617020070553, 0.004888276569545269, 0.004988459870219231, 0.004985810723155737, 0.005316430237144232, 0.005339290015399456, 0.005257138516753912, 0.005486011039465666, 0.005357581656426191, 0.005401087924838066, 0.005318824667483568, 0.005594110116362572, 0.005685843527317047, 0.005465699825435877, 0.0056797778233885765, 0.0055517046712338924, 0.0056159100495278835, 0.0057512749917805195, 0.005913164932280779, 0.005808110348880291, 0.00604592077434063, 0.005687611643224955, 0.005801202263683081, 0.005889697931706905, 0.00553768128156662, 0.006071874406188726, 0.005741353612393141, 0.005773270037025213, 0.006291734520345926, 0.005676716566085815, 0.006023947615176439, 0.0058983489871025085, 0.006023361813277006, 0.006300161127001047, 0.006215144880115986, 0.0060131787322461605, 0.0063651688396930695, 0.006353490054607391, 0.005893545690923929, 0.006235718727111816, 0.005888504907488823, 0.0060768043622374535, 0.0063041034154593945, 0.0062178377993404865, 0.00587546406313777, 0.006386302411556244, 0.006307598669081926, 0.006121852435171604, 0.0060052103362977505, 0.006355120800435543, 0.00581910228356719, 0.006238200701773167, 0.006415982730686665, 0.006338940002024174, 0.006410006899386644, 0.006195800378918648, 0.0063873399049043655, 0.006369177717715502, 0.0064025516621768475, 0.006917775142937899, 0.006405287887901068, 0.0062064724043011665, 0.0064817266538739204, 0.006235701963305473, 0.006350790150463581, 0.006276390515267849, 0.00600068224593997]}