{"loss": [0.3446272015571594, 0.07686730474233627, 0.0359269343316555, 0.0271382424980402, 0.021230503916740417, 0.017905784770846367, 0.015741026028990746, 0.01399772148579359, 0.012615214101970196, 0.01158861443400383, 0.010646186769008636, 0.009889887645840645, 0.00896450038999319, 0.008268950507044792, 0.007447925396263599, 0.00659042177721858, 0.005712954793125391, 0.00483956653624773, 0.0040952726267278194, 0.0034757908433675766, 0.003063240787014365, 0.0027140090242028236, 0.00236965948715806, 0.0021743429824709892, 0.00206685159355402, 0.0019505182281136513, 0.0018219526391476393, 0.0017553581856191158, 0.0016837166622281075, 0.0016247056191787124, 0.0015897584380581975, 0.001515170675702393, 0.0014763565268367529, 0.0014431951567530632, 0.0013867630623281002, 0.001350336940959096, 0.0013174391351640224, 0.0012734067859128118, 0.001256873132660985, 0.0012216545874252915, 0.0012019696878269315, 0.001179961720481515, 0.0011572084622457623, 0.0011443330440670252, 0.001139007043093443, 0.0011082120472565293, 0.0010604377603158355, 0.001040911884047091, 0.0010188668966293335, 0.0010305229807272553, 0.0009875037940219045, 0.0009787032613530755, 0.0009598942706361413, 0.0009592390852048993, 0.0009484223555773497, 0.0009349170722998679, 0.0009201805805787444, 0.0009029083885252476, 0.0008836242486722767, 0.0008938633254729211, 0.0008679734892211854, 0.0008479144889861345, 0.0008595075341872871, 0.0008559290436096489, 0.0008695129654370248, 0.0008684992790222168, 0.000843294314108789, 0.0008042335393838584, 0.0007979747606441379, 0.0007922269287519157, 0.0008086535963229835, 0.0007873004069551826, 0.0007986326236277819, 0.0007923691300675273, 0.0007961514056660235, 0.0007900606142356992, 0.0007734820246696472, 0.0007567287539131939, 0.0007559436489827931, 0.0007680097478441894, 0.0007380263414233923, 0.0007329329964704812, 0.0007321287412196398, 0.0007145613199099898, 0.0007258434197865427, 0.000697658397257328, 0.0007202323758974671, 0.0006945501663722098, 0.00069469737354666, 0.0007017394527792931, 0.0006912928074598312, 0.0006767291342839599, 0.0006707874126732349, 0.0006725374842062593, 0.0006968651432543993, 0.0006803173455409706, 0.0006691066082566977, 0.0006622338551096618, 0.0006527819787152112, 0.000661888625472784], "val_loss": [0.16749833524227142, 0.04735952988266945, 0.027544280514121056, 0.022098667919635773, 0.019624013453722, 0.016556113958358765, 0.01472104899585247, 0.0131751149892807, 0.012077663093805313, 0.011081704869866371, 0.010185780934989452, 0.009344477206468582, 0.008542514406144619, 0.007762017659842968, 0.006978675257414579, 0.006149946711957455, 0.005261924583464861, 0.0042779212817549706, 0.003692174330353737, 0.003228125860914588, 0.002855455968528986, 0.0025347857736051083, 0.002244467381387949, 0.0021445252932608128, 0.001931417966261506, 0.0018429221818223596, 0.0017638447461649776, 0.0017029076116159558, 0.001672618673183024, 0.0015762593830004334, 0.0015261764638125896, 0.0014950400218367577, 0.0014130366034805775, 0.0013689928455278277, 0.0013330696383491158, 0.0013226234586909413, 0.0012605031952261925, 0.0012272821040824056, 0.0012149099493399262, 0.0012116197030991316, 0.0011636946583166718, 0.0011244366178289056, 0.001104573835618794, 0.0011036627693101764, 0.00107759574893862, 0.001065617660060525, 0.001036589266732335, 0.0010114774340763688, 0.000999648473225534, 0.0009976259898394346, 0.0009847487090155482, 0.0009556655422784388, 0.0009322072146460414, 0.0009247386478818953, 0.0009248377755284309, 0.0009039541473612189, 0.0008846679702401161, 0.0008754903101362288, 0.0008779273484833539, 0.0008550858474336565, 0.0008432208560407162, 0.0008478439995087683, 0.000825295748654753, 0.0008238700684159994, 0.0008873938350006938, 0.0008601017179898918, 0.0008126001339405775, 0.0007988271536305547, 0.0007989595760591328, 0.0007992940954864025, 0.0007904356461949646, 0.0007924613892100751, 0.0007805035565979779, 0.000806802767328918, 0.0007893526926636696, 0.0007668674807064235, 0.0007566588465124369, 0.000741576892323792, 0.0007362285396084189, 0.0007373386761173606, 0.0007339836447499692, 0.0007237003883346915, 0.0007129018194973469, 0.0007140420493669808, 0.0007182682165876031, 0.000698887393809855, 0.0006965489592403173, 0.0007000025943852961, 0.0007035183953121305, 0.0006855719839222729, 0.0006827100296504796, 0.0006754476926289499, 0.000666383421048522, 0.0006599242333322763, 0.0006675333715975285, 0.0006613945006392896, 0.0006557413726113737, 0.00064702337840572, 0.000642393424641341, 0.0006396888638846576]}