{"loss": [0.08986083418130875, 0.010435584001243114, 0.008670194074511528, 0.007361674681305885, 0.0055911727249622345, 0.003422215348109603, 0.0026034582406282425, 0.0021282071247696877, 0.001806254731491208, 0.0015879811253398657, 0.0014689303934574127, 0.0013185779098421335, 0.001264009508304298, 0.0012014146195724607, 0.0011447976576164365, 0.0010934744495898485, 0.0010673718061298132, 0.0010184453567489982, 0.0010000367183238268, 0.0009757848456501961, 0.0009465868934057653, 0.0009195072925649583, 0.0009644883102737367, 0.00093347072834149, 0.0008611335651949048, 0.00084863998927176, 0.0008531149942427874, 0.0008094380609691143, 0.0008103962172754109, 0.0008034948259592056, 0.0007841206388548017, 0.0007541338563896716, 0.0007524858810938895, 0.0007392257684841752, 0.0007480088388547301, 0.0007177683291956782, 0.0006967848166823387, 0.000692233385052532, 0.0006958474987186491, 0.0006591586279682815, 0.0006588984397239983, 0.0006476935232058167, 0.0006495565758086741, 0.0006237509660422802, 0.0006327037117443979, 0.000613730342593044, 0.0005945404409430921, 0.0005844031111337245, 0.000573082419577986, 0.0005907352897338569, 0.0005698020686395466, 0.0005704540526494384, 0.0005424576811492443, 0.0005515733500942588, 0.00053544802358374, 0.0005212905816733837, 0.0005150825018063188, 0.0005038416129536927, 0.0005197707796469331, 0.0005026875296607614, 0.0004857364692725241, 0.00047989096492528915, 0.0004918492049910128, 0.00048119688290171325, 0.00047295805416069925, 0.0004628678725566715, 0.0004601587716024369, 0.00044888423872180283, 0.0004432984278537333, 0.0004339097940828651, 0.00044833621359430254, 0.00043029856169596314, 0.00042639189632609487, 0.0004245479067321867, 0.00041353650158271194, 0.00040460267337039113, 0.000403162237489596, 0.00039799383375793695, 0.0004014805890619755, 0.0003951454709749669, 0.00039304469828493893, 0.00038304427289403975, 0.0003822987200692296, 0.00037165055982768536, 0.00037227431312203407, 0.0003792578645516187, 0.00036090193316340446, 0.0003605516685638577, 0.0003598341136239469, 0.00035629578633233905, 0.0003572728019207716, 0.00034759435220621526, 0.00033832332701422274, 0.0003409828641451895, 0.0003357342502567917, 0.00032422496587969363, 0.0003306781582068652, 0.00031611815211363137, 0.0003250314330216497, 0.00031644865521229804], "val_loss": [0.014563885517418385, 0.009449725039303303, 0.008141211234033108, 0.0063854120671749115, 0.0042191604152321815, 0.002887248992919922, 0.002338422928005457, 0.0018648403929546475, 0.0016690184129402041, 0.001460436498746276, 0.001337846857495606, 0.0012884325115010142, 0.0012139352038502693, 0.0011522528948262334, 0.0010735865216702223, 0.0010291585931554437, 0.0009956667199730873, 0.0009591564885340631, 0.0009530371753498912, 0.0009683059761300683, 0.000891959120053798, 0.000878597900737077, 0.0010181631660088897, 0.000846234557684511, 0.0008384069078601897, 0.0008259162423200905, 0.0007917821640148759, 0.0007831212133169174, 0.0008305885130539536, 0.000756349298171699, 0.0007528397836722434, 0.000740555755328387, 0.0007627343875356019, 0.0007118014618754387, 0.0007311434601433575, 0.0006785262958146632, 0.0006618965999223292, 0.000673902512062341, 0.0006626331596635282, 0.0006342626293189824, 0.0006395934033207595, 0.0006618793704546988, 0.000600227271206677, 0.0005892488406971097, 0.0005820981459692121, 0.0005900046671740711, 0.0005848116707056761, 0.0005870899767614901, 0.0005690185935236514, 0.0005820303922519088, 0.0005456595099531114, 0.0005448010051622987, 0.000537405489012599, 0.0005232758121564984, 0.0005038855597376823, 0.0005115136737003922, 0.0005001159152016044, 0.0005044361460022628, 0.0004983186954632401, 0.0004754799883812666, 0.0004909897106699646, 0.0004776672285515815, 0.0004771858802996576, 0.00045832389150746167, 0.0004594461643137038, 0.00045090322964824736, 0.0004563458787743002, 0.0004246517491992563, 0.00041925025288946927, 0.0004144450358580798, 0.0004445963422767818, 0.0004211647901684046, 0.000424548692535609, 0.00039862364064902067, 0.00040552124846726656, 0.0003868908970616758, 0.000383127189707011, 0.0004018569889012724, 0.0003864362952299416, 0.0003750850446522236, 0.0003956734435632825, 0.0003681164525914937, 0.0003738055529538542, 0.00037080165930092335, 0.0003562894416972995, 0.0003640966606326401, 0.000354108982719481, 0.000348786823451519, 0.00035504496190696955, 0.0003527686349116266, 0.0003407076874282211, 0.00033286758116446435, 0.0003378110413905233, 0.0003487412759568542, 0.00031735829543322325, 0.00032522721448913217, 0.0003147936658933759, 0.0003385606105439365, 0.0003216857148800045, 0.0003054275584872812]}