{"loss": [0.040413420647382736, 0.020584752783179283, 0.019514169543981552, 0.01895041950047016, 0.018512070178985596, 0.018211383372545242, 0.018043601885437965, 0.01791587471961975, 0.0178216565400362, 0.017727939411997795, 0.017658745869994164, 0.0175925400108099, 0.01753797009587288, 0.017477864399552345, 0.017423223704099655, 0.017380282282829285, 0.01733771525323391, 0.0172963235527277], "val_loss": [0.021679721772670746, 0.019908225163817406, 0.019220387563109398, 0.01875041052699089, 0.018350493162870407, 0.01812540553510189, 0.01799819804728031, 0.0179000124335289, 0.017800429835915565, 0.017695613205432892, 0.017682041972875595, 0.017610818147659302, 0.017576156184077263, 0.017589636147022247, 0.01746019534766674, 0.01738256774842739, 0.017375405877828598, 0.01739293336868286]}