{"loss": [0.032615240663290024, 0.017224876210093498, 0.01669440232217312, 0.016446974128484726, 0.01629866287112236, 0.016179582104086876, 0.016094902530312538, 0.016025129705667496, 0.0159770455211401, 0.01593376323580742, 0.015898527577519417, 0.015868525952100754, 0.01584588550031185, 0.01581713929772377, 0.015797646716237068, 0.015777774155139923, 0.015762045979499817, 0.015739580616354942, 0.01572299189865589, 0.015711335465312004, 0.01569388620555401, 0.015685269609093666, 0.015665315091609955, 0.015663843601942062, 0.015652641654014587, 0.015636898577213287, 0.015624863095581532, 0.015617121942341328, 0.01561069954186678, 0.015603193081915379, 0.015596017241477966, 0.015586809255182743, 0.01558710541576147, 0.015574409626424313, 0.015563384629786015, 0.015563100576400757, 0.015556356869637966, 0.015551472082734108, 0.015547022223472595, 0.015538000501692295], "val_loss": [0.01781359687447548, 0.016912247985601425, 0.016588546335697174, 0.016432875767350197, 0.016294725239276886, 0.016181601211428642, 0.016143737360835075, 0.016074057668447495, 0.0160405021160841, 0.015983212739229202, 0.0159540344029665, 0.015925245359539986, 0.015905125066637993, 0.015912264585494995, 0.015862010419368744, 0.015842683613300323, 0.015818895772099495, 0.0158234816044569, 0.0158307496458292, 0.01579391025006771, 0.015785135328769684, 0.015764595940709114, 0.01578698679804802, 0.015769120305776596, 0.015748823061585426, 0.01576407440006733, 0.015749366953969002, 0.015729185193777084, 0.01576310023665428, 0.01573057286441326, 0.015727663412690163, 0.01577998884022236, 0.015751592814922333, 0.015719125047326088, 0.015706948935985565, 0.015720205381512642, 0.015731200575828552, 0.01570081152021885, 0.01569371111690998, 0.015690362080931664]}