{"loss": [0.27774477005004883, 0.03064843825995922, 0.01804571971297264, 0.009694842621684074, 0.005902309902012348, 0.004278954584151506, 0.0038703088648617268, 0.0032142242416739464, 0.0026148702017962933, 0.002616077195852995, 0.002142249373719096, 0.00212764460593462, 0.0018997907172888517, 0.0018019811250269413, 0.0017344882944598794, 0.0017346941167488694, 0.0016909163678064942, 0.0016227653250098228, 0.001580516342073679, 0.0015559992752969265, 0.0015649705892428756, 0.0014863479882478714, 0.0014820273499935865, 0.001417962135747075, 0.0014074749778956175, 0.0014351303689181805, 0.001329834689386189, 0.0012917515123263001, 0.0012572066625580192, 0.0013011464616283774, 0.0011572742369025946, 0.0013244706206023693, 0.0011244864435866475, 0.001058304333128035, 0.0010619235690683126, 0.001145866815932095, 0.0010281270369887352, 0.0010695073287934065, 0.0010082506341859698, 0.0010291679063811898, 0.001024127472192049, 0.0009074475965462625, 0.0009503082255832851, 0.0008672612020745873, 0.0009322859696112573, 0.0008555413223803043, 0.0008555343374609947, 0.0020404288079589605, 0.0009882842423394322, 0.0009202970541082323, 0.0008643260225653648, 0.0008250519167631865, 0.0007956374902278185, 0.0007742191664874554, 0.0007807957590557635, 0.0007404507487080991, 0.0007766137714497745, 0.0007159301894716918, 0.0006963872583582997, 0.0007060444331727922, 0.0007320652366615832, 0.000686624669469893, 0.0007051052525639534, 0.0006903400644659996, 0.0006751776672899723, 0.0006652037845924497, 0.0007255433592945337, 0.0006392257637344301, 0.0006259834626689553, 0.0006379858823493123, 0.0006346511654555798, 0.0007449667318724096, 0.0006371777853928506, 0.0006112433620728552, 0.0006233319872990251, 0.0006074869888834655, 0.0006242175586521626, 0.0005955903907306492, 0.0005940699484199286, 0.000585193803999573, 0.0018245757091790438, 0.0009394597145728767, 0.0008030885946936905, 0.0007169282762333751, 0.0006864892202429473, 0.0006226400146260858, 0.0006222160300239921, 0.0005845548585057259, 0.0005676824366673827, 0.0005717221647500992, 0.0005614798283204436, 0.0005613250541500747, 0.000552742974832654, 0.0005382210947573185, 0.0005404380499385297, 0.0005286065861582756, 0.000538311549462378, 0.0005258791497908533, 0.0005254768766462803, 0.0005238814046606421], "val_loss": [0.03803084418177605, 0.023446664214134216, 0.012078773230314255, 0.0057898317463696, 0.004347187001258135, 0.004650941584259272, 0.003425159491598606, 0.0030487317126244307, 0.0025637659709900618, 0.0022874407004565, 0.0020730774849653244, 0.002071995288133621, 0.0018787655280902982, 0.0017904131673276424, 0.0018242960795760155, 0.0016979858046397567, 0.0016923754010349512, 0.0016165539855137467, 0.0015812960918992758, 0.0015490122605115175, 0.001532992348074913, 0.0014862950192764401, 0.0015469599748030305, 0.0014248326187953353, 0.001418318715877831, 0.0013462655479088426, 0.0013450952246785164, 0.001267717219889164, 0.001436269492842257, 0.0012070827651768923, 0.0011740096379071474, 0.0011581031139940023, 0.0011431636521592736, 0.0011125096352770925, 0.0011392490705475211, 0.0011264790082350373, 0.0010079562198370695, 0.001062524039298296, 0.0009684721007943153, 0.0012060162844136357, 0.0009316471987403929, 0.0009289479348808527, 0.0008980900165624917, 0.0008870825986377895, 0.0009324150159955025, 0.0008269695099443197, 0.001210197457112372, 0.0010315448744222522, 0.0009584943763911724, 0.0008888231823220849, 0.0008468400337733328, 0.0008159144199453294, 0.0007919817580841482, 0.0007726286421529949, 0.0007598378579132259, 0.0007726316689513624, 0.0007374151609838009, 0.0007415261934511364, 0.0007125401753000915, 0.0007197126396931708, 0.0006974005373194814, 0.0006858461420051754, 0.000733633991330862, 0.0006721969693899155, 0.0007259765989147127, 0.0006773508503101766, 0.0006594997830688953, 0.000654792704153806, 0.0006396103999577463, 0.0006553829298354685, 0.0006364505388773978, 0.0006965827778913081, 0.0006254320032894611, 0.0006141822086647153, 0.0006170814158394933, 0.0006604964728467166, 0.0006105604115873575, 0.000603700231295079, 0.0005943047581240535, 0.0005814738688059151, 0.001049503218382597, 0.0008656944846734405, 0.0007542503299191594, 0.0006889773067086935, 0.0006454240647144616, 0.0006172648863866925, 0.0006094572599977255, 0.0005858608055859804, 0.0005743615911342204, 0.0005652094259858131, 0.0005589977954514325, 0.0005519455880858004, 0.0005500334082171321, 0.0005446439026854932, 0.0005515333032235503, 0.0005435486673377454, 0.0005360190407373011, 0.0005361846997402608, 0.0005233954288996756, 0.0005334198358468711]}