{"loss": [0.41188687086105347, 0.09863808006048203, 0.03839860484004021, 0.030002174898982048, 0.02428428828716278, 0.01897072233259678, 0.015041041187942028, 0.011827562004327774, 0.009593605063855648, 0.00876019336283207, 0.008390863426029682, 0.008473696187138557, 0.007857021875679493, 0.008123540319502354, 0.008001076988875866, 0.007982641458511353, 0.007946133613586426, 0.007698289584368467, 0.007943201810121536, 0.00766909122467041, 0.007729982491582632, 0.007616617251187563, 0.007689601741731167, 0.007738800719380379, 0.007559836842119694, 0.007567469496279955, 0.007481990847736597, 0.007198908366262913, 0.006725211162120104, 0.006747338455170393, 0.005534449126571417, 0.004823615774512291, 0.004402507096529007, 0.004230109509080648, 0.0039867521263659, 0.0039299773052334785, 0.0037349441554397345, 0.003570070257410407, 0.0034398087300360203, 0.0034137454349547625, 0.003161218948662281, 0.0030321350786834955, 0.002856960752978921, 0.0027450760826468468, 0.0027071668300777674, 0.0025769968051463366, 0.0024108639918267727, 0.0023229997605085373, 0.0022999446373432875, 0.002212061546742916, 0.002136900322511792, 0.002068469999358058, 0.0019929762929677963, 0.0019304681336507201, 0.0019230000907555223, 0.0018546193605288863, 0.0017809380078688264, 0.0017159762792289257, 0.0016709552146494389, 0.0015967326471582055, 0.0016247534658759832, 0.001495779026299715, 0.0014653351390734315, 0.0014520743861794472, 0.0014171225484460592, 0.0013912589056417346, 0.0013296924298629165, 0.0012999342288821936, 0.0012720095692202449, 0.0012673382880166173, 0.0012352830963209271, 0.0012280867667868733, 0.0011973617365583777, 0.0011835916666314006, 0.0011495286598801613, 0.001136806677095592, 0.0010988558642566204, 0.0011163143208250403, 0.001099872519262135, 0.0010937629267573357, 0.001034838380292058, 0.0010674907825887203, 0.001042783260345459, 0.000994055881164968, 0.0010205701692029834, 0.0010069775162264705, 0.000982461147941649, 0.0009883226593956351, 0.000954665127210319, 0.0009724024566821754, 0.0009708328871056437, 0.0009257352794520557, 0.000923125830013305, 0.0009193082223646343, 0.0009273199830204248, 0.0009191801073029637, 0.0009126362856477499, 0.0009000887512229383, 0.0008777750772424042, 0.0008940306724980474], "val_loss": [0.06096545234322548, 0.04341248422861099, 0.038275983184576035, 0.027115289121866226, 0.020939553156495094, 0.01671871356666088, 0.013515254482626915, 0.010392812080681324, 0.008986306376755238, 0.008495545014739037, 0.00825158879160881, 0.00812830775976181, 0.008050139993429184, 0.007959721609950066, 0.00790684949606657, 0.007861925289034843, 0.007794178556650877, 0.007791503798216581, 0.007755907718092203, 0.007712533697485924, 0.007678851019591093, 0.0076383911073207855, 0.007652801461517811, 0.007644211873412132, 0.0076176985166966915, 0.007509051822125912, 0.007340412121266127, 0.007020859979093075, 0.0062914881855249405, 0.0055513326078653336, 0.0050142440013587475, 0.0045261383056640625, 0.004276992753148079, 0.004030948504805565, 0.003883936209604144, 0.0037957304157316685, 0.0035911151207983494, 0.0035259174183011055, 0.0033212746493518353, 0.0031586920376867056, 0.0030010307673364878, 0.002888462273404002, 0.0027414250653237104, 0.002631617709994316, 0.002533185062929988, 0.002429893473163247, 0.0024091689847409725, 0.0022596879862248898, 0.0022074689622968435, 0.002187754027545452, 0.002042566891759634, 0.0020444002002477646, 0.001928798039443791, 0.0019141589291393757, 0.0018025896279141307, 0.0017600407591089606, 0.0017480420647189021, 0.001701805624179542, 0.0016046485397964716, 0.0015481472946703434, 0.0015055326512083411, 0.0015030172653496265, 0.0014567093458026648, 0.0013909486588090658, 0.001357899745926261, 0.0013602754333987832, 0.0013395888963714242, 0.0012675280449911952, 0.0012593204155564308, 0.0012569972313940525, 0.001210276153869927, 0.0012119057355448604, 0.001175448065623641, 0.0011333920992910862, 0.0011265871580690145, 0.0011036074720323086, 0.001094489824026823, 0.0010872024577111006, 0.0010690188501030207, 0.0010582651011645794, 0.0010878123575821519, 0.0010575675405561924, 0.0009944021003320813, 0.0009766197763383389, 0.000982806901447475, 0.0009619563934393227, 0.0009777126833796501, 0.0009382200078107417, 0.0009551117545925081, 0.0009322381811216474, 0.000944760104175657, 0.0009085616329684854, 0.0008996010292321444, 0.0008908940944820642, 0.0009024414466693997, 0.0009113094420172274, 0.0008755209855735302, 0.0008625673362985253, 0.000854523794259876, 0.0008836776250973344]}