{"loss": [0.593900203704834, 0.09600868821144104, 0.048626840114593506, 0.027084721252322197, 0.019424958154559135, 0.015600251033902168, 0.01269378699362278, 0.01047761831432581, 0.00897537637501955, 0.008034075610339642, 0.007361231371760368, 0.006725633051246405, 0.006051512900739908, 0.005612700711935759, 0.005280832294374704, 0.004905039444565773, 0.004802399314939976, 0.004640116356313229, 0.0044705853797495365, 0.004421389661729336, 0.004247272852808237, 0.004061136394739151, 0.0039399112574756145, 0.003785358276218176, 0.003689490258693695, 0.0034803815651685, 0.0033892886713147163, 0.0030667411629110575, 0.0028390309307724237, 0.002678296994417906, 0.0025606227573007345, 0.0024355435743927956, 0.0023107074666768312, 0.002231767401099205, 0.002148727420717478, 0.002074803924188018, 0.001966155134141445, 0.0019153617322444916, 0.0018745166016742587, 0.001836419221945107, 0.001771113253198564, 0.0017390042776241899, 0.0016649417812004685, 0.0016628204612061381, 0.0015955890994518995, 0.001600609510205686, 0.0015237757470458746, 0.0014836834743618965, 0.0014670784585177898, 0.0014546122401952744, 0.0014125426532700658, 0.0013957616174593568, 0.0013833168195560575, 0.0013335463590919971, 0.0013314902316778898, 0.0012956350110471249, 0.0012932356912642717, 0.00124134321231395, 0.001216679927892983, 0.001214302028529346, 0.0011834201868623495, 0.0011939094401896, 0.0011467969743534923, 0.0011347101535648108, 0.0011355378665030003, 0.001122756046243012, 0.0011052035260945559, 0.0010977695928886533, 0.0010710357455536723, 0.0010809393133968115, 0.0010715802200138569, 0.0010445695370435715, 0.0010335296392440796, 0.001021464471705258, 0.0010301710572093725, 0.0009964612545445561, 0.0010071235010400414, 0.0009938697330653667, 0.000993639579974115, 0.000964309845585376], "val_loss": [0.17546993494033813, 0.0916324257850647, 0.0314529612660408, 0.022855637595057487, 0.017041800543665886, 0.014123179018497467, 0.011664703488349915, 0.009785179048776627, 0.00854858011007309, 0.007835042662918568, 0.007240165490657091, 0.006522575858980417, 0.0059134941548109055, 0.005494031123816967, 0.005149128846824169, 0.0049561988562345505, 0.004746789578348398, 0.004640235099941492, 0.004453026689589024, 0.004409778863191605, 0.00421296339482069, 0.004114899318665266, 0.004042722750455141, 0.00379934161901474, 0.0036641149781644344, 0.0034896344877779484, 0.0032786447554826736, 0.0030016982927918434, 0.0028118793852627277, 0.0026888784486800432, 0.0025361215230077505, 0.002423585159704089, 0.0023511755280196667, 0.0022422021720558405, 0.0021666341926902533, 0.0020802184008061886, 0.002010405994951725, 0.001946388278156519, 0.0019091530703008175, 0.0018477824050933123, 0.0018008151091635227, 0.0017601022263988853, 0.001731081516481936, 0.0016732318326830864, 0.0016535663744434714, 0.001595177804119885, 0.0015549949603155255, 0.0015289686853066087, 0.001519559882581234, 0.001473566284403205, 0.0014374065212905407, 0.001418690080754459, 0.0013931215507909656, 0.001361512579023838, 0.0013432648265734315, 0.001304146251641214, 0.0013050262350589037, 0.0012653557350859046, 0.00125106330960989, 0.0012332762125879526, 0.0012057439889758825, 0.0012074370170012116, 0.0011739409528672695, 0.001165369525551796, 0.0011518558021634817, 0.0011295790318399668, 0.0011144246673211455, 0.0011035929201170802, 0.00108777591958642, 0.0010883776703849435, 0.001066539203748107, 0.0010558190988376737, 0.0010499975178390741, 0.001050640712492168, 0.0010359572479501367, 0.0010234224610030651, 0.0010284329764544964, 0.001045510871335864, 0.000993205583654344, 0.0009751312900334597]}