{"loss": [0.03007667511701584, 0.016981340944767, 0.016498561948537827, 0.016287675127387047, 0.016173306852579117, 0.016092611476778984, 0.016029687598347664, 0.015982171520590782, 0.0159459225833416, 0.015910150483250618, 0.015878895297646523, 0.015848902985453606, 0.015835748985409737, 0.015809014439582825, 0.015797585248947144, 0.015768328681588173, 0.015761198475956917, 0.015744749456644058, 0.01572064310312271, 0.01570982113480568, 0.01570032350718975, 0.01570233702659607, 0.01566927134990692, 0.01566302590072155, 0.01565883494913578, 0.01564093306660652, 0.015630559995770454, 0.015623541548848152, 0.015618233010172844, 0.015606844797730446, 0.015604125335812569, 0.015589280985295773, 0.015585996210575104, 0.015585297718644142, 0.015575319528579712, 0.015563798137009144, 0.015563764609396458, 0.01555388979613781, 0.015554314479231834, 0.015545993112027645], "val_loss": [0.017483290284872055, 0.016719669103622437, 0.016426116228103638, 0.016275594010949135, 0.016171429306268692, 0.0161095280200243, 0.016090158373117447, 0.01602998375892639, 0.016008904203772545, 0.015968123450875282, 0.01592889055609703, 0.015933873131871223, 0.01590621843934059, 0.015891026705503464, 0.01586156152188778, 0.01583712548017502, 0.015843674540519714, 0.01581391878426075, 0.0157927293330431, 0.015790821984410286, 0.015794960781931877, 0.015778247267007828, 0.01582423783838749, 0.015751950442790985, 0.015751726925373077, 0.01575476862490177, 0.01572153903543949, 0.01573539339005947, 0.01572907529771328, 0.015736619010567665, 0.01572703942656517, 0.01570292003452778, 0.01569693721830845, 0.01569564826786518, 0.015691477805376053, 0.015754282474517822, 0.01573326624929905, 0.01569807156920433, 0.015727335587143898, 0.01570231281220913]}