{"loss": [0.19540143013000488, 0.01711386814713478, 0.008247246034443378, 0.004652296658605337, 0.0037151200231164694, 0.0029418421909213066, 0.002307492308318615, 0.0018764982232823968, 0.0016412315890192986, 0.0014865827979519963, 0.0013500966597348452, 0.001251531415618956, 0.001141341170296073, 0.0010739978170022368, 0.0010129737202078104, 0.0009533441625535488, 0.0008995665702968836, 0.0008338857442140579, 0.0008130744681693614, 0.0007585019338876009, 0.0007268019253388047, 0.0007128814468160272, 0.0006945442291907966, 0.0006561976624652743, 0.000631569477263838, 0.0006196003523655236, 0.0005936494562774897, 0.0005742723005823791, 0.0005706947995349765, 0.000538643856998533, 0.0005242818151600659, 0.0005225414060987532, 0.0005030689644627273, 0.0005001419340260327, 0.00048074423102661967, 0.0004695771785918623, 0.0004679498088080436, 0.0004528600547928363, 0.00043761407141573727, 0.00044194303336553276, 0.00041948529542423785, 0.00042173999827355146, 0.00041529827285557985, 0.000407620012992993, 0.00038966702413745224, 0.0003835293173324317, 0.00039322435623034835, 0.0003678248031064868, 0.0003622184449341148, 0.00035867802216671407, 0.0003536798758432269, 0.00034438780858181417, 0.0003427787742111832, 0.0003329407190904021, 0.0003239596844650805, 0.00032013270538300276, 0.000317318452289328, 0.00031072026467882097, 0.00030210011755116284, 0.0003065823984798044, 0.0003074696287512779, 0.00029250577790662646, 0.0002861364628188312, 0.00028887338703498244, 0.00028789418865926564, 0.00027931976364925504, 0.00027009271434508264, 0.00026907731080427766, 0.00026783280191011727, 0.0002593191748019308, 0.0002747556136455387, 0.00025497926981188357, 0.00025241333059966564, 0.00025148934219032526, 0.00025040734908543527, 0.00024239192134700716, 0.00023797871835995466, 0.00023839961795601994, 0.00023731229885015637, 0.00023106498701963574, 0.00023711116227786988, 0.0002264524227939546, 0.0002303609362570569, 0.00022083446674514562, 0.00021404038125183433, 0.00021530082449316978, 0.00021306124108377844, 0.00020907545695081353, 0.00020710013632196933, 0.00020754433353431523, 0.00020477832003962249, 0.00019807169155683368, 0.0002014888304984197, 0.00020404078532010317, 0.0001950358273461461, 0.00019662725389935076, 0.000195946849999018, 0.0001937606284627691, 0.00019165955018252134, 0.00018975317652802914], "val_loss": [0.017827922478318214, 0.006875275168567896, 0.002586187794804573, 0.002270517637953162, 0.00256752735003829, 0.002267440315335989, 0.002179813338443637, 0.0023306834045797586, 0.0025665867142379284, 0.0026923594996333122, 0.002780386246740818, 0.0029326213989406824, 0.003107636934146285, 0.0030788148287683725, 0.003163211978971958, 0.003355426248162985, 0.0036422458942979574, 0.004007831681519747, 0.003940196707844734, 0.0039314390160143375, 0.004388258792459965, 0.00434163399040699, 0.004265978932380676, 0.004371409770101309, 0.004517537076026201, 0.004805276170372963, 0.0046593849547207355, 0.004561763256788254, 0.004942993633449078, 0.005100867711007595, 0.005229303613305092, 0.004943063948303461, 0.0053619216196238995, 0.005223982036113739, 0.005398634821176529, 0.005547374952584505, 0.005429417360574007, 0.005408282857388258, 0.005831661634147167, 0.006027568131685257, 0.005860157310962677, 0.005784237291663885, 0.006017491687089205, 0.006087720859795809, 0.00596553785726428, 0.0060815284959971905, 0.006074860226362944, 0.005983458831906319, 0.006327081471681595, 0.0059949979186058044, 0.006159358192235231, 0.006160412449389696, 0.00637946929782629, 0.00640189228579402, 0.006392570212483406, 0.0064072152599692345, 0.006718751974403858, 0.0067033772356808186, 0.006641878746449947, 0.006993252318352461, 0.006875081919133663, 0.006826447322964668, 0.0066621447913348675, 0.0068069081753492355, 0.007025566417723894, 0.006748141720890999, 0.007007390260696411, 0.006687090266495943, 0.006636600010097027, 0.006707221735268831, 0.006422252859920263, 0.006874663755297661, 0.006949495989829302, 0.006765112746506929, 0.007563848979771137, 0.0069954064674675465, 0.007235687226057053, 0.007064951583743095, 0.00711507024243474, 0.007170685566961765, 0.006772251799702644, 0.006946062669157982, 0.007634233683347702, 0.007311450783163309, 0.007681755349040031, 0.007344882003962994, 0.007439818698912859, 0.00739159295335412, 0.007508190348744392, 0.007199387066066265, 0.007430627476423979, 0.007737539708614349, 0.006941697094589472, 0.007342485710978508, 0.007726529147475958, 0.007256064098328352, 0.007377862464636564, 0.007742763962596655, 0.007290617097169161, 0.007119928020983934]}