{"loss": [0.34131571650505066, 0.09711172431707382, 0.030067093670368195, 0.02361997775733471, 0.018613291904330254, 0.015549599193036556, 0.013963705860078335, 0.011320924386382103, 0.009778965264558792, 0.007783077657222748, 0.00580294756218791, 0.003938532434403896, 0.003053828841075301, 0.002717468421906233, 0.0026030950248241425, 0.002393371192738414, 0.0022589261643588543, 0.0021405417937785387, 0.002016069833189249, 0.0019095090683549643, 0.0017474830383434892, 0.0016530337743461132, 0.0015586786903440952, 0.0014955006772652268, 0.0015006099129095674, 0.0014600655995309353, 0.0013458889443427324, 0.0013073948211967945, 0.0012707831338047981, 0.0012396208476275206, 0.001173677621409297, 0.0011804800014942884, 0.001113258651457727, 0.0010625106515362859, 0.0010519486386328936, 0.0010190479224547744, 0.0010067083640024066, 0.0009754184866324067, 0.0009453245438635349, 0.0009157186141237617, 0.0008904573041945696, 0.0008645554189570248, 0.000845746195409447, 0.0008196051931008697, 0.0008168155909515917, 0.0008152020745910704, 0.0007814313867129385, 0.0007784139597788453, 0.0007545177941210568, 0.0007729328935965896, 0.000733892316929996, 0.0007284381426870823, 0.0007215735968202353, 0.0007106679258868098, 0.0007110797450877726, 0.0006916819256730378, 0.0006775257061235607, 0.0006753450725227594, 0.0006660083308815956, 0.0006823649164289236, 0.0006688095745630562], "val_loss": [0.08883074671030045, 0.04826289042830467, 0.028318356722593307, 0.018671100959181786, 0.016370266675949097, 0.014602555893361568, 0.01245683804154396, 0.010488685220479965, 0.008656390942633152, 0.006651855073869228, 0.004577529616653919, 0.0033512890804558992, 0.0027880899142473936, 0.0026064941193908453, 0.0023868365678936243, 0.0023240400478243828, 0.0022269519977271557, 0.002067165682092309, 0.001917508547194302, 0.0017415971960872412, 0.0016447952948510647, 0.0015640597557649016, 0.0015065830666571856, 0.0015001673018559813, 0.0014321863418444991, 0.0013886011438444257, 0.0013065908569842577, 0.0013062224024906754, 0.001245348365046084, 0.0011889986926689744, 0.0011458644876256585, 0.0011248660739511251, 0.0010919616324827075, 0.0010487801628187299, 0.0010057028848677874, 0.0009959946619346738, 0.0009716481436043978, 0.000949016073718667, 0.0008991078939288855, 0.0008999542915262282, 0.0008750477572903037, 0.0008595127728767693, 0.0008197185816243291, 0.0008238779264502227, 0.0008065765141509473, 0.0007874889415688813, 0.0007802410400472581, 0.0007592249312438071, 0.0007623659912496805, 0.0007387071382254362, 0.000725342018995434, 0.0007031465647742152, 0.0006884147296659648, 0.0006977510056458414, 0.0006946222274564207, 0.0006694910698570311, 0.0006734360940754414, 0.0006469274521805346, 0.000653341063298285, 0.0006537848967127502, 0.0006675539189018309]}