{"loss": [0.1486826241016388, 0.01114160381257534, 0.009345516562461853, 0.007244848646223545, 0.006023803725838661, 0.005815381649881601, 0.005666797980666161, 0.005353100132197142, 0.003818157594650984, 0.0026026947889477015, 0.00211383868008852, 0.0018350256141275167, 0.0016603200929239392, 0.00150665536057204, 0.0014451190363615751, 0.00137141824234277, 0.0013280464336276054, 0.0012765945866703987, 0.0012533181579783559, 0.0012043766910210252, 0.0011673682602122426, 0.0011415211483836174, 0.0011216267012059689, 0.0011134764645248652, 0.0010747088817879558, 0.0010629721218720078, 0.0010387410875409842, 0.0010290435748174787, 0.0010082301450893283, 0.0009974743006750941, 0.0009644536767154932, 0.0009677933412604034, 0.0009477441781200469, 0.0009294935152865946, 0.0009201959474012256, 0.0008979372214525938, 0.0009067910141311586, 0.0008844313560985029, 0.000860799802467227, 0.0008574111852794886, 0.000851872842758894, 0.0008392964373342693, 0.0008178194984793663, 0.0008201645687222481, 0.0008073227945715189, 0.0008007803116925061, 0.0007929346174933016, 0.0007742668385617435, 0.0007927300175651908, 0.0007717799744568765, 0.0007588125881738961, 0.0007588337757624686, 0.000728073762729764, 0.0007297195843420923, 0.0007265013409778476, 0.0007205060101114213, 0.0007087165722623467, 0.0006967688095755875, 0.0007101475493982434, 0.0006856016698293388, 0.0006832081126049161, 0.0006779853138141334, 0.0006715307245030999, 0.0006651424919255078, 0.0006620503845624626, 0.0006613780278712511, 0.0006403400911949575, 0.0006332434713840485, 0.0006292998441495001, 0.0006361979758366942, 0.0006263898103497922, 0.0006045764312148094, 0.0006121541955508292, 0.0006011697696521878, 0.0006003736634738743, 0.0006023033638484776, 0.0005943496944382787, 0.0006139219040051103, 0.0005991324433125556, 0.0005857703508809209, 0.0005767195834778249, 0.0005626411293633282, 0.0005736861494369805, 0.0005624687764793634, 0.0005664701457135379, 0.0005667613004334271, 0.0005545748863369226, 0.0005497306701727211, 0.000552789366338402, 0.0005594506510533392, 0.000551731965970248, 0.0005618732539005578, 0.0005265732179395854, 0.0005343861412256956, 0.0005266416701488197, 0.0005241644685156643, 0.0005329426494427025, 0.0005242085317149758, 0.0005246711662039161, 0.0005253032431937754], "val_loss": [0.013158954679965973, 0.010154817253351212, 0.008369166404008865, 0.006283742841333151, 0.00588932354003191, 0.0057557979598641396, 0.005590437911450863, 0.004774797707796097, 0.002941415412351489, 0.0023216744884848595, 0.0019495761953294277, 0.001742127351462841, 0.001568838837556541, 0.0014807939296588302, 0.0014022566610947251, 0.0013646131847053766, 0.0012993852142244577, 0.0012771424371749163, 0.0012274313485249877, 0.0011849708389490843, 0.001165713299997151, 0.001138143939897418, 0.0011225222842767835, 0.0010962330270558596, 0.0010627413867041469, 0.0010517886839807034, 0.0010337572311982512, 0.0010230045299977064, 0.0009977419394999743, 0.001008962164632976, 0.0009625832317396998, 0.0009502348257228732, 0.0009483852772973478, 0.0009207190596498549, 0.0009170477860607207, 0.0008934817742556334, 0.0009025131585076451, 0.0008714240975677967, 0.0008666052017360926, 0.0008477237424813211, 0.0008541144197806716, 0.000829712429549545, 0.0008258809102699161, 0.0008106390596367419, 0.0008026298601180315, 0.0007913674344308674, 0.0007848115055821836, 0.0007776165148243308, 0.0007885122904554009, 0.000776464759837836, 0.0007725418545305729, 0.0007491376018151641, 0.0007347811479121447, 0.0007307098130695522, 0.0007301346049644053, 0.0007126778364181519, 0.0007050077547319233, 0.0007013655267655849, 0.0007107012206688523, 0.0006967870867811143, 0.0006778977694921196, 0.0006786962621845305, 0.0006613118457607925, 0.0006764578283764422, 0.0006458772695623338, 0.0006741693941876292, 0.0006442429148592055, 0.000635624339338392, 0.0006295121274888515, 0.0006280743982642889, 0.0006151541601866484, 0.0006073623662814498, 0.0006109448149800301, 0.000603127118665725, 0.0005945002194494009, 0.0005934187793172896, 0.0005921978736296296, 0.0005961382994428277, 0.0006085889763198793, 0.0005809331778436899, 0.000574869685806334, 0.0005653647240251303, 0.000567722599953413, 0.0005687089869752526, 0.0005722966161556542, 0.0005539600970223546, 0.0005637521389871836, 0.0005697479355148971, 0.0005508159520104527, 0.0005734732840210199, 0.0005524040898308158, 0.0005422064568847418, 0.0005312241846695542, 0.0005294082802720368, 0.0005502758431248367, 0.0005199489532969892, 0.0005372226005420089, 0.0005223461776040494, 0.0005456656217575073, 0.0005150082870386541]}