{"loss": [0.059051159769296646, 0.020363328978419304, 0.019749632105231285, 0.01957353577017784, 0.0194883830845356, 0.019434452056884766, 0.019393831491470337, 0.01935645379126072, 0.019316749647259712], "val_loss": [0.021417414769530296, 0.020056918263435364, 0.019791830331087112, 0.019676120951771736, 0.01961674727499485, 0.019567342475056648, 0.019537178799510002, 0.019509248435497284, 0.01945657469332218]}