{"loss": [0.0533798523247242, 0.020688854157924652, 0.0200680922716856, 0.019787698984146118, 0.01959419809281826, 0.019434379413723946, 0.019302673637866974, 0.01920468360185623, 0.01912124641239643, 0.019055329263210297, 0.01900414377450943], "val_loss": [0.021588677540421486, 0.020446861162781715, 0.020069517195224762, 0.01984516717493534, 0.019714562222361565, 0.019535765051841736, 0.019417161121964455, 0.01930859312415123, 0.019242051988840103, 0.019209979102015495, 0.019154991954565048]}