{"loss": [0.03569456562399864, 0.019239790737628937, 0.018329648301005363, 0.017968710511922836, 0.01778123527765274, 0.017641104757785797, 0.01754290983080864, 0.017454922199249268, 0.017396526411175728, 0.01734255440533161, 0.017298346385359764, 0.017270155251026154], "val_loss": [0.020024195313453674, 0.018665391951799393, 0.018110904842615128, 0.017881343141198158, 0.017732838168740273, 0.01765296794474125, 0.017519511282444, 0.017456963658332825, 0.017393238842487335, 0.017378859221935272, 0.017331629991531372, 0.017297718673944473]}