{"loss": [0.14111264050006866, 0.015263223089277744, 0.007874584756791592, 0.004666067194193602, 0.0031581628136336803, 0.002340887673199177, 0.0018090297235175967, 0.0015425598248839378, 0.001384988077916205, 0.0012632679427042603, 0.0011767669348046184, 0.0010944161331281066, 0.0010255378438159823, 0.0009479448199272156, 0.0009187720133922994, 0.0008868679287843406, 0.000833831203635782, 0.0008013426559045911, 0.0007603011908940971, 0.0007495286990888417, 0.0007168346201069653, 0.0006958441808819771, 0.000678157084621489, 0.0006625537062063813, 0.0006323754787445068, 0.0006193864392116666, 0.0006095940480008721, 0.0005885039572604001, 0.0005808331770822406, 0.0005664433701895177, 0.0005609156796708703, 0.0005381535738706589, 0.000524749280884862, 0.0005212046671658754, 0.0004992341273464262, 0.0004943009116686881, 0.0004873578145634383, 0.0004839319735765457, 0.000468592275865376, 0.00045020889956504107, 0.0004486714315135032, 0.00043487423681654036, 0.000425551988882944, 0.0004244309093337506, 0.0004164286074228585, 0.00040318912942893803, 0.0003993763239122927, 0.0003923774347640574, 0.0003787594905588776, 0.00037719521787948906, 0.0003719742817338556, 0.0003700122470036149, 0.00035373741411603987, 0.0003612199507188052, 0.0003501538303680718, 0.00034257170045748353, 0.00033367672585882246, 0.0003361324197612703, 0.0003263303078711033, 0.00031681792461313307, 0.0003164822410326451, 0.0003117293817922473, 0.00030338153010234237, 0.00030259956838563085, 0.0002972533693537116, 0.0002887054579332471, 0.000287330592982471, 0.0002845771377906203, 0.00029221209115348756, 0.00027695452445186675, 0.00027535404660739005, 0.00026811641873791814, 0.00027161743491888046, 0.0002683511993382126, 0.0002599701110739261, 0.00025237901718355715, 0.000251411140197888, 0.0002475385554134846, 0.0002446539292577654, 0.00025310931960120797, 0.00024234132433775812, 0.0002358911297051236, 0.0002342916704947129, 0.0002435218048049137, 0.00022593484027311206, 0.00023063710250426084, 0.00022167580027598888, 0.00022632574837189168, 0.0002269458054797724, 0.00021602770721074194, 0.00021710965665988624, 0.00021280655346345156, 0.00020960970141459256, 0.00021499893045984209, 0.0002046091976808384, 0.00020539121760521084, 0.0002062947314698249, 0.00019931024871766567, 0.00019558721396606416, 0.0001990806485991925], "val_loss": [0.011593684554100037, 0.006130445748567581, 0.0031701058614999056, 0.0021511854138225317, 0.002124745398759842, 0.0020759848412126303, 0.002632944379001856, 0.002567332936450839, 0.0025618344079703093, 0.00247674691490829, 0.002642771229147911, 0.0028450265526771545, 0.003018534742295742, 0.0031598329078406096, 0.0034285197034478188, 0.0036904895678162575, 0.003441449487581849, 0.003541435580700636, 0.0035926352720707655, 0.0036761746741831303, 0.0038002142682671547, 0.003708159551024437, 0.004020866472274065, 0.0040723951533436775, 0.004166896920651197, 0.004185240715742111, 0.00408200453966856, 0.0040184385143220425, 0.004182117059826851, 0.004444443620741367, 0.004682345315814018, 0.004801508039236069, 0.004613019526004791, 0.004608864895999432, 0.004736265633255243, 0.004821412265300751, 0.004834266379475594, 0.004848148208111525, 0.004849896766245365, 0.005038034170866013, 0.004923650529235601, 0.005023367702960968, 0.004810785874724388, 0.005259922239929438, 0.005328970029950142, 0.00539425341412425, 0.005620388779789209, 0.005704860202968121, 0.005836267955601215, 0.005495002493262291, 0.0054265642538666725, 0.006041407119482756, 0.005811822135001421, 0.005378302186727524, 0.005764434114098549, 0.005893813446164131, 0.005916186608374119, 0.006182270124554634, 0.0064019677229225636, 0.006026877090334892, 0.0063646649941802025, 0.006341214757412672, 0.006002112757414579, 0.006540857721120119, 0.006055640056729317, 0.006671085022389889, 0.006701703183352947, 0.006747520063072443, 0.007163777016103268, 0.006641164887696505, 0.006746050901710987, 0.006045619957149029, 0.006100496742874384, 0.007029901258647442, 0.006622123997658491, 0.006713926792144775, 0.006930981762707233, 0.0068663726560771465, 0.006758710835129023, 0.0073184301145374775, 0.006778161972761154, 0.006779294461011887, 0.007178414613008499, 0.007709950674325228, 0.007307760883122683, 0.007385708391666412, 0.006709681823849678, 0.007679235190153122, 0.007394902408123016, 0.007806622888892889, 0.007560118567198515, 0.007221958599984646, 0.007570893038064241, 0.006735394708812237, 0.007966795936226845, 0.007536163087934256, 0.007387848570942879, 0.007835295051336288, 0.007810230366885662, 0.008112789131700993]}