{"loss": [0.38031744956970215, 0.0319795198738575, 0.01750769466161728, 0.011822131462395191, 0.008700041100382805, 0.007349291816353798, 0.0067680599167943, 0.006315750069916248, 0.0059271869249641895, 0.005465901456773281, 0.004681635648012161, 0.00477244146168232, 0.0042305998504161835, 0.003621017327532172, 0.003761530388146639, 0.0032132375054061413, 0.002954762428998947, 0.002911922987550497, 0.002579155145213008, 0.002629700116813183, 0.0023352287244051695, 0.002300887368619442, 0.00210883398540318, 0.0020417002961039543, 0.0019656748045235872, 0.001905843266285956, 0.0018441262654960155, 0.0017899947706609964, 0.0016099652275443077, 0.0016231467016041279, 0.0015004142187535763, 0.0015502073802053928, 0.00149614701513201, 0.0014465883141383529, 0.0014391157310456038, 0.0013725657481700182, 0.0014235499547794461, 0.0013198094675317407, 0.001271489541977644, 0.0012408578768372536, 0.0012238342314958572, 0.0012385932495817542, 0.001189510920085013, 0.0011794030433520675, 0.0011294764699414372, 0.0011121664429083467, 0.001231412636116147, 0.0010773807298392057, 0.0010370133677497506, 0.0010552497114986181, 0.0011455045314505696, 0.0010426281951367855, 0.0010239797411486506, 0.0010258543770760298, 0.001007398939691484, 0.0010182625846937299, 0.001033890526741743, 0.0011014781193807721, 0.0009359813411720097, 0.0009624863741919398, 0.0009551576804369688, 0.0009559713653288782, 0.0009746679570525885, 0.0009228282724507153, 0.0008813590975478292, 0.0009247465059161186, 0.001119291759096086, 0.00085049046901986, 0.0008158824639394879, 0.0008364189998246729, 0.0008859995286911726, 0.0008136886171996593, 0.0007982324459590018, 0.0008122780709527433, 0.0008641371387057006, 0.0007985113770700991, 0.000780030561145395, 0.0007943679811432958, 0.0007423259085044265, 0.0008067256421782076, 0.7227621674537659, 0.007152365054935217, 0.003420988330617547, 0.003688487224280834, 0.002325007924810052, 0.002048024209216237, 0.0019279172411188483, 0.0020376238971948624, 0.0016889376565814018, 0.001619734801352024, 0.0015856367535889149, 0.0015262183733284473, 0.0015225427923724055, 0.0014602448791265488, 0.0014230036176741123, 0.0014134300872683525, 0.001526053063571453, 0.0013457888271659613, 0.0012991236289963126, 0.0013490248238667846], "val_loss": [0.04255227744579315, 0.021461596712470055, 0.012964513152837753, 0.009860750287771225, 0.007920590229332447, 0.0069684963673353195, 0.006403704639524221, 0.005989719182252884, 0.00541837839409709, 0.005021193530410528, 0.004462274257093668, 0.0042464155703783035, 0.00392298586666584, 0.0037245822604745626, 0.0033859985414892435, 0.003076263004913926, 0.00298062851652503, 0.002730343723669648, 0.002551003359258175, 0.0025536855682730675, 0.0024636273737996817, 0.0022125185932964087, 0.0021486140321940184, 0.0020006191916763783, 0.002161231357604265, 0.0019138883799314499, 0.0017996580572798848, 0.0017787270480766892, 0.0016001089243218303, 0.0015734763583168387, 0.0016698091058060527, 0.0015235035680234432, 0.0015233384910970926, 0.001562780700623989, 0.0014194684335961938, 0.001364091644063592, 0.001450947718694806, 0.0013178542722016573, 0.0012449471978470683, 0.0012546312063932419, 0.0012378074461594224, 0.0012206403771415353, 0.0012208883417770267, 0.0011578366393223405, 0.0011283999774605036, 0.0011967531172558665, 0.00113015528768301, 0.001096405670978129, 0.0011021877871826291, 0.0011536149540916085, 0.0010533361928537488, 0.0010865129297599196, 0.001050774473696947, 0.0010487117106094956, 0.0010554749751463532, 0.000998069765046239, 0.0011656592832878232, 0.0009667517151683569, 0.0009634738089516759, 0.0010055252350866795, 0.0009318427764810622, 0.0009961093310266733, 0.0009276322089135647, 0.0009172079735435545, 0.0008888897718861699, 0.0011572830844670534, 0.0009205653914250433, 0.0008599164430052042, 0.0008679029997438192, 0.0008967695175670087, 0.0008301378693431616, 0.0008467350271530449, 0.0008235184359364212, 0.0008727521635591984, 0.0008827511337585747, 0.0007870184490457177, 0.0008164043538272381, 0.0007685466553084552, 0.0007653877255506814, 0.001112799858674407, 0.009712494909763336, 0.004143065772950649, 0.0043734339997172356, 0.0024991717655211687, 0.0021800175309181213, 0.001980553613975644, 0.0019228886812925339, 0.0018230968853458762, 0.0016717716353014112, 0.0015985947102308273, 0.0015808339230716228, 0.0015426110476255417, 0.001534854993224144, 0.0014481660909950733, 0.0014376025646924973, 0.0014731712872162461, 0.0013971469597890973, 0.001386435586027801, 0.0013746157055720687, 0.0013425648212432861]}