{"loss": [0.4081687033176422, 0.08206784725189209, 0.029580479487776756, 0.015300072729587555, 0.011916487477719784, 0.007842439226806164, 0.0051806615665555, 0.003853464964777231, 0.003882574150338769, 0.003742205211892724, 0.0037134503945708275, 0.003568422980606556, 0.0033889184705913067, 0.003180108964443207, 0.002922140760347247, 0.0026312298141419888, 0.00256132404319942, 0.0024758963845670223, 0.0023410192225128412, 0.002293806057423353, 0.0022808455396443605, 0.0022124936804175377, 0.0021391112823039293, 0.002111779758706689, 0.002039077691733837, 0.002007833682000637, 0.001974139828234911, 0.0018658009357750416, 0.001852578716352582, 0.0017691339598968625, 0.0017248104559257627, 0.0017143964068964124, 0.0016465337248519063, 0.0016426171641796827, 0.0016089450800791383, 0.0015980771277099848, 0.00154698989354074, 0.0015216977335512638, 0.0015049516223371029, 0.0015083905309438705, 0.0014764780644327402, 0.001453167526051402, 0.0014266419457271695, 0.0014206123305484653, 0.0013983524404466152, 0.0013811633689329028, 0.0013625328429043293, 0.001353812636807561, 0.0013445542426779866, 0.0013050135457888246, 0.0013154492480680346, 0.001299329218454659, 0.0012605346273630857, 0.0012613150756806135, 0.001226582913659513, 0.0012472706148400903, 0.0012108006048947573, 0.0012058347929269075, 0.001195002580061555, 0.0012115517165511847, 0.0011765090748667717, 0.0011757905595004559, 0.0011558326659724116, 0.0011631245724856853, 0.001147679053246975, 0.0011372400913387537, 0.001134197460487485, 0.0011237479047849774, 0.0011240114690735936, 0.0011152534279972315, 0.0011156375985592604, 0.0011037932708859444, 0.0010967357084155083, 0.001095647574402392, 0.0011099580442532897, 0.0010927332332357764, 0.0011067226296290755, 0.0010663336142897606, 0.0010931644355878234, 0.0010803955374285579, 0.0010646303417161107, 0.001079159788787365, 0.001078566536307335, 0.0010673553915694356, 0.0010765914339572191, 0.0010663529392331839, 0.0010770122753456235, 0.0010547487763687968, 0.0010326314950361848, 0.0010441649938002229, 0.0010414447169750929, 0.0010368211660534143, 0.0010443961946293712, 0.0010481361532583833, 0.0010252958163619041, 0.001038435846567154, 0.0010301123838871717, 0.0010297278640791774, 0.0010302533628419042, 0.0010341816814616323], "val_loss": [0.03578197956085205, 0.05885225906968117, 0.01664775051176548, 0.013823678717017174, 0.009381904266774654, 0.00595683790743351, 0.004080792888998985, 0.003846759907901287, 0.003751555224880576, 0.0037029164377599955, 0.0035968907177448273, 0.003470358205959201, 0.0032740861643105745, 0.0029932984616607428, 0.002706438535824418, 0.002569968346506357, 0.002466815058141947, 0.002393614500761032, 0.0023607087787240744, 0.0023224549368023872, 0.00220791669562459, 0.0021657475735992193, 0.0021146831568330526, 0.0020537888631224632, 0.002008424373343587, 0.001947541255503893, 0.0019068305846303701, 0.0018570172833278775, 0.0017890591407194734, 0.0017740022158250213, 0.0016991759184747934, 0.0016693471698090434, 0.0016645912546664476, 0.001597922295331955, 0.0016262124991044402, 0.00157109962310642, 0.0015258610947057605, 0.0015081038000062108, 0.0014925086870789528, 0.0014779905322939157, 0.0014537421520799398, 0.0014356875326484442, 0.0014145283494144678, 0.001396718667820096, 0.0013828519731760025, 0.0013666669838130474, 0.0013500589411705732, 0.0013355420669540763, 0.0013142932439222932, 0.001303145894780755, 0.001291627180762589, 0.001265509519726038, 0.001260611810721457, 0.0012437457917258143, 0.0012302243849262595, 0.0012201456120237708, 0.0012071499368175864, 0.001200233236886561, 0.0012071916135028005, 0.0011735105654224753, 0.001171175274066627, 0.0011686483630910516, 0.0011520349653437734, 0.0011540834093466401, 0.0011431528255343437, 0.00113530398812145, 0.0011290742550045252, 0.0011189691722393036, 0.001114348415285349, 0.0011082458076998591, 0.0011139300186187029, 0.0011057823430746794, 0.001102139358408749, 0.0010921895736828446, 0.0010856357403099537, 0.0010885960655286908, 0.0010844479547813535, 0.0010803675977513194, 0.0010790902888402343, 0.0010696162935346365, 0.001072628772817552, 0.0010667558526620269, 0.0010605050483718514, 0.0010750899091362953, 0.0010634250938892365, 0.0010543211828917265, 0.0010538866044953465, 0.0010513726156204939, 0.0010448170360177755, 0.0010427923407405615, 0.0010424404172226787, 0.0010405111825093627, 0.00103812909219414, 0.0010368253570050001, 0.0010359048610553145, 0.0010312643134966493, 0.001029409235343337, 0.0010354423429816961, 0.0010246469173580408, 0.0010228081373497844]}