{"loss": [0.03138130158185959, 0.018100891262292862, 0.01707865111529827, 0.01661829650402069, 0.016386793926358223, 0.016248794272542, 0.016158446669578552, 0.016088828444480896, 0.016024591401219368, 0.015963051468133926, 0.015928031876683235, 0.015887871384620667, 0.015850648283958435, 0.015816686674952507, 0.015796152874827385, 0.015763569623231888, 0.015737678855657578, 0.015709877014160156, 0.015698136761784554, 0.01569163054227829, 0.015661034733057022, 0.01564144343137741, 0.01562540978193283, 0.01561201736330986, 0.015611063688993454, 0.015586365945637226, 0.015589376911520958, 0.015572411939501762, 0.0155570013448596, 0.015546785667538643, 0.015544616617262363, 0.015542933717370033, 0.015527240931987762, 0.015520191751420498, 0.015519514679908752, 0.015506313182413578, 0.015506219118833542, 0.015490650199353695, 0.015553482808172703, 0.015529400669038296], "val_loss": [0.01893324963748455, 0.017498109489679337, 0.016805477440357208, 0.016527241095900536, 0.01640728861093521, 0.01625843718647957, 0.01617182418704033, 0.0161106176674366, 0.01603708602488041, 0.016023194417357445, 0.01598222367465496, 0.015938155353069305, 0.015912961214780807, 0.01587204821407795, 0.015854330733418465, 0.015872003510594368, 0.015812372788786888, 0.015780583024024963, 0.015812186524271965, 0.015747323632240295, 0.015759021043777466, 0.015736259520053864, 0.015746362507343292, 0.01574731059372425, 0.015699686482548714, 0.015687206760048866, 0.015682818368077278, 0.015679981559515, 0.015676528215408325, 0.015692120417952538, 0.015666307881474495, 0.015744443982839584, 0.015673654153943062, 0.015655534341931343, 0.01567314751446247, 0.015655800700187683, 0.0156626608222723, 0.01565723679959774, 0.015723519027233124, 0.015683511272072792]}