{"loss": [0.09035000205039978, 0.005753098987042904, 0.005326281301677227, 0.005309202708303928, 0.0052061197347939014, 0.005193272605538368, 0.004760632757097483, 0.005303196609020233, 0.0033413032069802284, 0.002918464131653309, 0.0024716537445783615, 0.002177243120968342, 0.0019785044714808464, 0.0018123519839718938, 0.001725240726955235, 0.00166823691688478, 0.0016046147793531418, 0.0015364924911409616, 0.0015230881981551647, 0.0014684933703392744, 0.001422922476194799, 0.0013852090341970325, 0.001349514233879745, 0.0013422589981928468, 0.001297603826969862, 0.001278541749343276, 0.0012539209565147758, 0.0012209105771034956, 0.0011704552453011274, 0.00118224136531353, 0.0011321873171254992, 0.0011255932040512562, 0.0010941368527710438, 0.0010833590058609843, 0.0010471355635672808, 0.0010182345286011696, 0.0010050501441583037, 0.0009895802941173315, 0.0009750963072292507, 0.0009367737802676857, 0.0009316987707279623, 0.0009235831093974411, 0.0009095880668610334, 0.0008967429166659713, 0.0008772978908382356, 0.0008593927486799657, 0.0008657876751385629, 0.0008403889369219542, 0.0008325027301907539, 0.0008158785640262067, 0.0008246834040619433, 0.0008281220216304064, 0.0008030117023736238, 0.0007858730969019234, 0.000786498945672065, 0.0007847403758205473, 0.0007677573012188077, 0.0007537087076343596, 0.0007499764324165881, 0.0007460637716576457, 0.0007295599789358675, 0.0007402282208204269, 0.000740840972866863, 0.0007296649273484945, 0.0007147648138925433, 0.0007014837465249002, 0.0007067753467708826, 0.0006890604272484779, 0.0006880874861963093, 0.0006911368691362441, 0.0006723172264173627, 0.00067877460969612, 0.0006592217250727117, 0.0006600924534723163, 0.0006687028799206018, 0.0006717696669511497, 0.0006713170441798866, 0.0006411690847016871, 0.0006365545559674501, 0.0006499490700662136, 0.0006363245192915201, 0.000635086908005178, 0.000618069723714143, 0.0006117716548033059, 0.0006156293675303459, 0.0006125617073848844, 0.0005971604259684682, 0.0005972047802060843, 0.0005944929434917867, 0.0005949712940491736, 0.0005859085358679295, 0.0005738246254622936, 0.0005842894315719604, 0.0005794549942947924, 0.0005763957742601633, 0.0005726011004298925, 0.0005617403658106923, 0.0005640151211991906, 0.000578738225158304, 0.004257124848663807], "val_loss": [0.007455167826265097, 0.0053934664465487, 0.005273898132145405, 0.00525886844843626, 0.0051665944047272205, 0.005136723164469004, 0.0050701783038675785, 0.003696710104122758, 0.003127068979665637, 0.00269871368072927, 0.0022928561083972454, 0.002044707303866744, 0.0018828540341928601, 0.0017709832172840834, 0.0016968240961432457, 0.001669992576353252, 0.001577443559654057, 0.0015204608207568526, 0.0014915798092260957, 0.0014406772097572684, 0.0013970732688903809, 0.001348973484709859, 0.0013229858595877886, 0.001311888569034636, 0.001279768766835332, 0.0012795409420505166, 0.0012468216009438038, 0.0011790356365963817, 0.001161698717623949, 0.001123308320529759, 0.001118520158343017, 0.0011082636192440987, 0.0010971036972478032, 0.0010383663466200233, 0.001034625805914402, 0.0010108508868142962, 0.0009834045777097344, 0.0009582829079590738, 0.0009758583619259298, 0.0009293926996178925, 0.0009619313641451299, 0.0009118968155235052, 0.0009065587073564529, 0.0008754321606829762, 0.0008614257094450295, 0.0008491629851050675, 0.0008501406409777701, 0.000829315569717437, 0.0008295021252706647, 0.00080783327575773, 0.0008354370365850627, 0.0008119906997308135, 0.000809687830042094, 0.0007797986036166549, 0.0007979256333783269, 0.0007690429338254035, 0.0007688147597946227, 0.0007528391433879733, 0.0007526914123445749, 0.0007327110506594181, 0.0007231152849271894, 0.0007447871030308306, 0.0007213478675112128, 0.0007217804086394608, 0.0007177618681453168, 0.0006974710850045085, 0.0007289570057764649, 0.0006849044584669173, 0.0006811094935983419, 0.0006792927742935717, 0.0006693295435979962, 0.0006737579242326319, 0.0006576151354238391, 0.0006538932793773711, 0.0006506876088678837, 0.0006999402539804578, 0.0006699344958178699, 0.0006359504768624902, 0.0006406257161870599, 0.0006316476501524448, 0.0006576188607141376, 0.0006220609066076577, 0.0006093987030908465, 0.0006151871057227254, 0.0006084099877625704, 0.0006125073996372521, 0.0005976204993203282, 0.0005811715382151306, 0.0005921957781538367, 0.0005881969118490815, 0.0005788000416941941, 0.0005757877370342612, 0.0005784263485111296, 0.0005700500914826989, 0.0005621568998321891, 0.0005780540523119271, 0.0005619772709906101, 0.0005802548839710653, 0.0005610859370790422, 0.09443642199039459]}