{"loss": [0.03461743891239166, 0.019300401210784912, 0.018578195944428444, 0.0182811226695776, 0.01810314506292343, 0.017967086285352707, 0.017862308770418167, 0.017777295783162117, 0.017700299620628357, 0.017634795978665352, 0.017583733424544334, 0.017523223534226418, 0.01748042181134224, 0.017433997243642807, 0.017398105934262276, 0.01736965961754322, 0.017335882410407066], "val_loss": [0.020158205181360245, 0.018868137151002884, 0.018405992537736893, 0.01817711628973484, 0.018070032820105553, 0.017921429127454758, 0.01787388138473034, 0.0178004689514637, 0.017700061202049255, 0.01767044886946678, 0.01760275289416313, 0.017583195120096207, 0.017516864463686943, 0.017458662390708923, 0.017434092238545418, 0.017413638532161713, 0.017389873042702675]}