{"loss": [0.3557363450527191, 0.08507467806339264, 0.050547223538160324, 0.02417175844311714, 0.021258745342493057, 0.018758242949843407, 0.01726594939827919, 0.016042355448007584, 0.015088827349245548, 0.013617216609418392, 0.012910808436572552, 0.01202845387160778, 0.010895270854234695, 0.009965464472770691, 0.0089785847812891, 0.00796570722013712, 0.007425548974424601, 0.006764085963368416, 0.0060133179649710655, 0.007331716828048229, 0.006112678907811642, 0.004791466053575277, 0.004149327054619789, 0.003760164836421609, 0.0036373119801282883, 0.0034846339840441942, 0.0034999968484044075, 0.0032573288772255182, 0.003343189600855112, 0.003283446654677391, 0.0032617871183902025, 0.0031807872001081705, 0.0031428372021764517, 0.00313168135471642, 0.0032184014562517405, 0.003097136039286852, 0.0030699195340275764, 0.0029910460580140352, 0.0030140255112200975, 0.0029172280337661505, 0.0029175954405218363, 0.0029374780133366585, 0.0028712803032249212, 0.0028207607101649046, 0.0028015011921525, 0.002751935739070177, 0.0027095922268927097, 0.0026563815772533417, 0.002606897847726941, 0.0025933776050806046, 0.002551063196733594, 0.0025491935666650534, 0.0024064567405730486, 0.002442976227030158, 0.0023785398807376623, 0.0023462956305593252, 0.002284489804878831, 0.0022433630656450987, 0.0022219002712517977, 0.0021697967313230038, 0.002193101681768894, 0.002088909735903144, 0.002070663496851921, 0.002076277742162347, 0.0020542300771921873, 0.0020223052706569433, 0.0019901739433407784, 0.0019515578169375658, 0.0019276624079793692, 0.0019792341627180576, 0.0019348899368196726, 0.0018873998196795583, 0.001859410316683352, 0.0018537797732278705, 0.0018595464061945677, 0.0018078137654811144, 0.0017682944890111685, 0.0017875011544674635, 0.0017926989821717143, 0.001772106857970357, 0.0017184694297611713, 0.0016916858730837703, 0.0016871773405000567, 0.0016942117363214493, 0.0016546044498682022, 0.0016534400638192892, 0.0016326275654137135, 0.0016538113122805953, 0.001597758149728179, 0.001592978136613965, 0.0016002096235752106, 0.0015820888802409172, 0.0015513789840042591, 0.0015300291124731302, 0.0015369824832305312, 0.0015000097919255495, 0.001521789119578898, 0.00146945018786937, 0.0014441830571740866, 0.0014600468566641212], "val_loss": [0.05037662014365196, 0.07947394996881485, 0.024614207446575165, 0.025291962549090385, 0.0191081240773201, 0.01822066120803356, 0.016516901552677155, 0.015499640256166458, 0.014460342936217785, 0.013367163948714733, 0.012454056181013584, 0.01153966411948204, 0.010468258522450924, 0.009418105706572533, 0.00836485717445612, 0.007566876243799925, 0.0070521109737455845, 0.006315194070339203, 0.005741016939282417, 0.008164886385202408, 0.004757261369377375, 0.004417795222252607, 0.003827030071988702, 0.003664859803393483, 0.003529658541083336, 0.003407315816730261, 0.0033428845927119255, 0.003327886573970318, 0.0032452046871185303, 0.003242705948650837, 0.0031693363562226295, 0.0031387610360980034, 0.0031081715133041143, 0.0030811058823019266, 0.0030509743373841047, 0.0030162809416651726, 0.0030196013394743204, 0.0029903636313974857, 0.0029275924898684025, 0.00295552471652627, 0.0028651179745793343, 0.0028717333916574717, 0.002798923756927252, 0.002819458954036236, 0.002780567854642868, 0.0026917068753391504, 0.002655503572896123, 0.0026127605233341455, 0.0025698496028780937, 0.0025735069066286087, 0.0025301282294094563, 0.0024518396239727736, 0.002389351138845086, 0.002385687781497836, 0.0023029560688883066, 0.0022644163109362125, 0.0022652067709714174, 0.002241256646811962, 0.002170492662116885, 0.002132631605491042, 0.002101033227518201, 0.0020658455323427916, 0.002083813538774848, 0.002051361370831728, 0.0019902659114450216, 0.0020004757679998875, 0.0019441929180175066, 0.0019232264021411538, 0.0019534172024577856, 0.0019092082511633635, 0.0018577760783955455, 0.0018689141143113375, 0.0018482474843040109, 0.0017967108869925141, 0.0017776836175471544, 0.001791096292436123, 0.001742516178637743, 0.0017232419922947884, 0.0017156190006062388, 0.0017217864515259862, 0.0016724367160350084, 0.0016557950293645263, 0.0017102687852457166, 0.001666549127548933, 0.0016103398520499468, 0.0015924207400530577, 0.0016129623400047421, 0.0016064507653936744, 0.001580161158926785, 0.0015347445150837302, 0.0015520371962338686, 0.0015366252046078444, 0.001493045943789184, 0.001506718690507114, 0.0014630239456892014, 0.0015047610504552722, 0.0014670880045741796, 0.0014390508877113461, 0.0014262835029512644, 0.0014553408836945891]}