{"loss": [0.3938831090927124, 0.10183247178792953, 0.028363948687911034, 0.01819434016942978, 0.016405869275331497, 0.014043550938367844, 0.013294238597154617, 0.012221666984260082, 0.011049432680010796, 0.009447740390896797, 0.007882997393608093, 0.0067639476619660854, 0.005510025657713413, 0.004526549484580755, 0.00405792286619544, 0.003934268373996019, 0.0038494199980050325, 0.0035175946541130543, 0.0035489907022565603, 0.0034127305261790752, 0.0032668106723576784, 0.003133082529529929, 0.0029555114451795816, 0.0028715652879327536, 0.0026813193690031767, 0.0026583094149827957, 0.0024772780016064644, 0.0023469470907002687, 0.0022387863136827946, 0.0021868967451155186, 0.0020401449874043465, 0.0019422685727477074, 0.001833704300224781, 0.0017530779587104917, 0.0017580671701580286, 0.001650789869017899, 0.001591262174770236, 0.0015498122666031122, 0.0015229044947773218, 0.0014669937081634998, 0.0014011879684403539, 0.0014045496936887503, 0.0013445924269035459, 0.0013081773649901152, 0.0013188791926950216, 0.001268976484425366, 0.0012364797294139862, 0.0012183133512735367, 0.0011932981433346868, 0.0011972307693213224, 0.0011576326796784997, 0.001127534662373364, 0.0011127127800136805, 0.001085605239495635, 0.0011006573913618922, 0.0010400633327662945, 0.001031626365147531, 0.0010163807310163975, 0.0010097132762894034, 0.0010004715295508504, 0.0009586250525899231, 0.0009721872629597783, 0.0009420397109352052, 0.0009260319638997316, 0.0009359767427667975, 0.0009355683578178287, 0.0009183241054415703, 0.0009078491711989045, 0.0008924181456677616, 0.0008947408059611917, 0.0008840748341754079, 0.0008671258692629635, 0.00084056390915066, 0.0008333002333529294, 0.0008569969213567674], "val_loss": [0.11559845507144928, 0.03008420206606388, 0.024913759902119637, 0.016829680651426315, 0.01522950828075409, 0.013495787978172302, 0.012706775218248367, 0.011759684421122074, 0.010065751150250435, 0.008508092723786831, 0.007229410577565432, 0.006035326048731804, 0.004998472053557634, 0.004168456420302391, 0.003950325306504965, 0.0038306338246911764, 0.0036823602858930826, 0.003561657853424549, 0.0034426634665578604, 0.0033063641749322414, 0.0031372890807688236, 0.003039682749658823, 0.0029234602116048336, 0.0027281842194497585, 0.0026446611154824495, 0.00248718005605042, 0.002350393682718277, 0.0022967420518398285, 0.0021122703328728676, 0.0020439636427909136, 0.001973198028281331, 0.0018607742385938764, 0.001782499486580491, 0.0017273445846512914, 0.001640989095903933, 0.0016002259217202663, 0.0015531847020611167, 0.0015371162444353104, 0.001452833996154368, 0.0014196304837241769, 0.001416096929460764, 0.001336818328127265, 0.001301314914599061, 0.001315699308179319, 0.0012777101946994662, 0.0012508652871474624, 0.0012337466469034553, 0.0011707686353474855, 0.001173491938970983, 0.0011227305512875319, 0.0011120906565338373, 0.0011098345275968313, 0.0010621031979098916, 0.0010712230578064919, 0.00105005141813308, 0.0010070643620565534, 0.0010233360808342695, 0.001008484628982842, 0.0009999183239415288, 0.0009546536020934582, 0.0009554264834150672, 0.0009529961971566081, 0.0009413247462362051, 0.0009044288890436292, 0.000922839273698628, 0.0008841895614750683, 0.0009050389635376632, 0.0008623849134892225, 0.0008870674064382911, 0.0008515028166584671, 0.0008402527309954166, 0.0008355772588402033, 0.0008538749534636736, 0.0008501237607561052, 0.0008421546663157642]}