{"loss": [0.30312061309814453, 0.06376462429761887, 0.03155813738703728, 0.02254168689250946, 0.01567910425364971, 0.01205554511398077, 0.00910603255033493, 0.0065918369218707085, 0.00531814806163311, 0.004429318010807037, 0.0037339951377362013, 0.0033198604360222816, 0.0029686458874493837, 0.002807283541187644, 0.002610092516988516, 0.002437017159536481, 0.00236906623467803, 0.002262391848489642, 0.0021594625432044268, 0.0021023910958319902, 0.0020934101194143295, 0.0020138099789619446, 0.0019692934583872557, 0.0019409918459132314, 0.0019435137510299683, 0.001855347421951592, 0.0018270848086103797, 0.0017744040815159678, 0.0017484313575550914, 0.0017023467225953937, 0.0016633834457024932, 0.001656348817050457, 0.00158572883810848, 0.0015303506515920162, 0.0015338545199483633, 0.001508921617642045, 0.0014641055604442954, 0.0014269424136728048, 0.0013946443796157837, 0.001378576853312552, 0.0014051874168217182, 0.0013522994704544544, 0.001332046464085579, 0.001312255859375, 0.001319564413279295, 0.0012685073306784034, 0.001269328873604536, 0.0012539736926555634, 0.0012354261707514524, 0.0012355026556178927, 0.001202323823235929, 0.0011811165604740381, 0.0011558225378394127, 0.0011372561566531658, 0.0011241745669394732, 0.0011534341610968113, 0.0011201519519090652, 0.0011110234772786498, 0.0010998975485563278, 0.001111639547161758, 0.0011017833603546023, 0.0010526953265070915, 0.0010461106430739164, 0.0010469892295077443, 0.0010574574116617441, 0.0010434259893372655, 0.0010401653125882149, 0.0010291048092767596, 0.00100874959025532, 0.0010138492798432708, 0.000985833932645619, 0.000992762390524149, 0.0009708586730994284, 0.000954527233261615, 0.0009622182114981115, 0.0009478949359618127, 0.0009479218279011548, 0.0009538757149130106, 0.0009262434905394912, 0.0009272962342947721, 0.0009251527371816337, 0.0009169838158413768, 0.0009043135214596987, 0.0009164814837276936, 0.0009162926580756903, 0.0008889419841580093, 0.0008829357684589922, 0.0008649678202345967, 0.0008502242853865027, 0.0008885380811989307, 0.0008566603064537048, 0.0008334896410815418, 0.0008429420995526016, 0.0008432968752458692, 0.0008573451195843518, 0.0008367518312297761, 0.0008322990615852177, 0.000817674386780709, 0.0008266122313216329, 0.0008380291983485222], "val_loss": [0.1432017683982849, 0.04418417438864708, 0.027310345321893692, 0.01908990740776062, 0.013389005325734615, 0.01042027398943901, 0.00755120487883687, 0.0058150277473032475, 0.00464565958827734, 0.003932545892894268, 0.0035121028777211905, 0.003155736019834876, 0.0028223565313965082, 0.0026145910378545523, 0.002534335246309638, 0.0023479617666453123, 0.002244118833914399, 0.0022371793165802956, 0.0021667496766895056, 0.0020972276106476784, 0.001982307992875576, 0.0019450904801487923, 0.0019494825974106789, 0.0018502759048715234, 0.0018089759396389127, 0.0017688978696241975, 0.0017865884583443403, 0.0017048200825229287, 0.0016733604716137052, 0.0016319637652486563, 0.001654131105169654, 0.0016121832886710763, 0.0015342741971835494, 0.0015152920968830585, 0.0014804382808506489, 0.0014725838555023074, 0.001420189393684268, 0.0014269083039835095, 0.0013760727597400546, 0.001348865800537169, 0.001342623494565487, 0.0013164142146706581, 0.0013226018054410815, 0.0012894938699901104, 0.0012764368439093232, 0.0012652106815949082, 0.0012407696340233088, 0.0012369167525321245, 0.0012140310136601329, 0.0011864765547215939, 0.0011764344526454806, 0.0011713611893355846, 0.0011689381208270788, 0.0011462831171229482, 0.0011146650649607182, 0.0011094106594100595, 0.0011050745379179716, 0.0011027671862393618, 0.001092700520530343, 0.0010796532733365893, 0.001059958478435874, 0.0010635199723765254, 0.0010492488509044051, 0.001031497260555625, 0.0010250092018395662, 0.0010486905230209231, 0.0010269901249557734, 0.0009948498336598277, 0.0009848474292084575, 0.0009896307019516826, 0.0009710729354992509, 0.0009808770846575499, 0.0009673974709585309, 0.000957137846853584, 0.0009397360845468938, 0.0009406666504219174, 0.0009376875241287053, 0.000931013491936028, 0.0009121652110479772, 0.0009048756910488009, 0.0008981578866951168, 0.0008996646502055228, 0.0008945842273533344, 0.0008900636457838118, 0.0008690346730872989, 0.0008762329816818237, 0.0008605917100794613, 0.0008684524800628424, 0.0008563222363591194, 0.0008584011811763048, 0.0008399697253480554, 0.000835882150568068, 0.0008225110359489918, 0.0008284468203783035, 0.0008366710389964283, 0.0008165866020135581, 0.000798759690951556, 0.0008019542437978089, 0.0008282731869257987, 0.0008162911399267614]}