{"loss": [0.4311462640762329, 0.08393079042434692, 0.041021715849637985, 0.02012215182185173, 0.016366317868232727, 0.014970164746046066, 0.01286339946091175, 0.010642379522323608, 0.008590742945671082, 0.00613144226372242, 0.003995283506810665, 0.002943688537925482, 0.00261881435289979, 0.0024769154842942953, 0.0024536733981221914, 0.0024066900368779898, 0.002326422603800893, 0.0022424785420298576, 0.0022046787198632956, 0.0021884378511458635, 0.002065866021439433, 0.0019921741914004087, 0.0019207794684916735, 0.0018590007675811648, 0.0017823261441662908, 0.0017051282338798046, 0.001617951551452279, 0.001557758660055697, 0.0015309284208342433, 0.001464380300603807, 0.001447895192541182, 0.0013977544149383903, 0.0013676624512299895, 0.0013430368853732944, 0.0013121898518875241, 0.0012060553999617696, 0.0011766444658860564, 0.0011096493108198047, 0.0010571382008492947, 0.0010155403288081288, 0.0009721050155349076, 0.0009200748172588646, 0.0008978522964753211, 0.0008784194360487163, 0.0008393594762310386, 0.0008318889886140823, 0.0007887863903306425, 0.0007804451161064208, 0.0007809789385646582, 0.0007672104402445257, 0.0007369594532065094, 0.0007336711860261858, 0.000714632507879287, 0.0006911734235472977, 0.000701377633959055, 0.0006782413111068308, 0.0006797956302762032, 0.0006597253959625959, 0.0006550425314344466, 0.0006511298706755042, 0.0006318807136267424, 0.0006354842334985733, 0.0006117845769040287, 0.0006082121981307864, 0.0005966037278994918, 0.0006060439627617598, 0.0005987067124806345, 0.0005941736744716763, 0.0005817128112539649, 0.000582216598559171, 0.0005820385413244367, 0.0005578622804023325, 0.0005616717971861362, 0.0005663461051881313, 0.0005722399801015854, 0.0005525060114450753, 0.0005416046478785574, 0.0005294015281833708, 0.0005166390910744667, 0.0005233116680756211, 0.0005163194728083909, 0.0005247798981145024, 0.0005171890952624381, 0.0004978799843229353, 0.0005132549558766186, 0.0004964906838722527, 0.0004960502847097814, 0.0004956843331456184, 0.0004848016833420843, 0.0004939690697938204, 0.0004791119135916233, 0.0004704841412603855, 0.0004731930675916374, 0.00047301131417043507, 0.0004898956976830959, 0.0004685063904616982, 0.0004579762171488255, 0.00045612538815476, 0.00045730790589004755, 0.0004698365228250623], "val_loss": [0.03976519778370857, 0.07383615523576736, 0.019267601892352104, 0.0184923242777586, 0.016297928988933563, 0.013635216280817986, 0.011659895069897175, 0.009499389678239822, 0.0072153424844145775, 0.004783949814736843, 0.0032779064495116472, 0.0027057959232479334, 0.002516436157748103, 0.0024340618401765823, 0.002413758309558034, 0.0023485913407057524, 0.002282904926687479, 0.0021799912210553885, 0.002154201501980424, 0.002092648996040225, 0.0020314331632107496, 0.0019604931585490704, 0.001880548195913434, 0.001771928509697318, 0.001691310084424913, 0.0016400928143411875, 0.0015541755128651857, 0.0015399364056065679, 0.001500639133155346, 0.0014333947328850627, 0.0013932751026004553, 0.001382450107485056, 0.00131046783644706, 0.0012861466966569424, 0.0012154829455539584, 0.0011867020511999726, 0.0011299554025754333, 0.0010500180069357157, 0.0009948468068614602, 0.0009567908709868789, 0.0009100618190132082, 0.0008893955964595079, 0.000856746977660805, 0.0008267585071735084, 0.0008027234580367804, 0.0007837119628675282, 0.0007721493020653725, 0.0007635115180164576, 0.0007573536713607609, 0.0007701076683588326, 0.0007152885082177818, 0.000712851935531944, 0.000716421112883836, 0.0006892743986099958, 0.0006692031165584922, 0.0006612641736865044, 0.0006519267335534096, 0.0006401407881639898, 0.000633788644336164, 0.0006323264096863568, 0.0006264641415327787, 0.0006118339952081442, 0.0006029664655216038, 0.0006026304326951504, 0.0005866657011210918, 0.0005822884850203991, 0.0005743633373640478, 0.0005696798325516284, 0.0005695033469237387, 0.0005667885998263955, 0.0005533211515285075, 0.0005468406016007066, 0.0005407512071542442, 0.0005527778412215412, 0.0005726555245928466, 0.0005327872349880636, 0.0005241782055236399, 0.0005265034269541502, 0.0005168397328816354, 0.0005136426188983023, 0.000509544915985316, 0.0005033395136706531, 0.0005070393672212958, 0.0004990561865270138, 0.0004919305210933089, 0.0004906324320472777, 0.000487953657284379, 0.0004754941037390381, 0.0004782353062182665, 0.00047453661682084203, 0.00047917949268594384, 0.0004756992566399276, 0.00045747539843432605, 0.0004726056649815291, 0.00046463083708658814, 0.0004548929864540696, 0.00044612775673158467, 0.00044914663885720074, 0.0004460557538550347, 0.00043876972631551325]}