{"loss": [0.11883573979139328, 0.012206659652292728, 0.005038794130086899, 0.0031735110096633434, 0.0028678292874246836, 0.002554229460656643, 0.0023829906713217497, 0.002182055963203311, 0.002042546169832349, 0.0018610229017212987, 0.0016696094535291195, 0.0015699571231380105, 0.0014742085477337241, 0.001434355741366744, 0.0013770509976893663, 0.0013028285466134548, 0.0012582645285874605, 0.0012362353736534715, 0.00115466199349612, 0.0011418791254982352, 0.0010900882771238685, 0.0010409284150227904, 0.0009987535886466503, 0.0009556246805004776, 0.0009347470477223396, 0.00087933981558308, 0.0008638895233161747, 0.000834205886349082, 0.0008057860541157424, 0.0007941086660139263, 0.0007466648821718991, 0.0007192070479504764, 0.0007312959060072899, 0.0006959485472179949, 0.0006718782242387533, 0.000670646084472537, 0.0006386154564097524, 0.0006316341459751129, 0.0006110049434937537, 0.0006063226028345525, 0.0005824606632813811, 0.0005655089626088738, 0.0005679549067281187, 0.0005570757202804089, 0.0005376753979362547, 0.0005265602376312017, 0.0005512502393685281, 0.0005212879041209817, 0.0005060818511992693, 0.000496146094519645, 0.0004854833532590419, 0.0004885188536718488, 0.0004630384792108089, 0.00046082359040156007, 0.00045781541848555207, 0.00045712466817349195, 0.0004420033947099, 0.00043346185702830553, 0.0004207175807096064, 0.0004260138375684619, 0.0004143475671298802, 0.0004069812421221286, 0.0003976940060965717, 0.00040956196608021855, 0.00039709737757220864, 0.00038918651989661157, 0.0003790795453824103, 0.0003658398927655071, 0.0003711443569045514, 0.0003617825568653643, 0.0003537088050507009, 0.00035280510201118886, 0.0003525288193486631, 0.00033743862877599895, 0.0003461352607700974, 0.00033457038807682693, 0.00032475689658895135, 0.0003217953199055046, 0.0003155112499371171, 0.00031760582351125777, 0.0003077836299780756, 0.00030558678554371, 0.0003015480178873986, 0.0003028195642400533, 0.0003002993471454829, 0.00030086596962064505, 0.00028687273152172565, 0.000283729110378772, 0.00028913174173794687, 0.0002855283091776073, 0.00028359919087961316, 0.00027963053435087204, 0.00027041169232688844, 0.0002670289250090718, 0.0002676231088116765, 0.00025726360036060214, 0.00026185091701336205, 0.00025889230892062187, 0.00025507729151286185, 0.0002487882156856358], "val_loss": [0.015415056608617306, 0.008662465028464794, 0.003256665077060461, 0.0029223046731203794, 0.002712460933253169, 0.002470892621204257, 0.0022149821743369102, 0.002101368270814419, 0.001896183006465435, 0.0017088605090975761, 0.001603777869604528, 0.001515266951173544, 0.0014269992243498564, 0.0013749185018241405, 0.0012839024420827627, 0.001295692753046751, 0.0012491937959566712, 0.0011924119899049401, 0.0011258036829531193, 0.0010711043141782284, 0.0010626229923218489, 0.000994949252344668, 0.0009771729819476604, 0.0009396672248840332, 0.0009375578374601901, 0.0008399515063501894, 0.0008097172831185162, 0.0007827444351278245, 0.000774323649238795, 0.0007619356038048863, 0.0007426667143590748, 0.0007544602267444134, 0.0006787301390431821, 0.0006818976835347712, 0.0006977860466577113, 0.0006299370434135199, 0.0006316133076325059, 0.0006412615766748786, 0.0006059370352886617, 0.000608049042057246, 0.0005521921557374299, 0.0005693389102816582, 0.0005517798708751798, 0.0005520236445590854, 0.0005247461376711726, 0.0005291170673444867, 0.0005906543228775263, 0.0004895809688605368, 0.0005151687073521316, 0.0004920195206068456, 0.00046628445852547884, 0.0004486847319640219, 0.00044276053085923195, 0.0004885419039055705, 0.0004292578960303217, 0.0004249133344274014, 0.00045029210741631687, 0.0004092615272384137, 0.0004262864531483501, 0.00043409227509982884, 0.00041651976061984897, 0.00040840075234882534, 0.0004008322430308908, 0.0004112258611712605, 0.00040627841372042894, 0.0003815801173914224, 0.0003786445886362344, 0.00035561792901717126, 0.00036256862222217023, 0.00036253200960345566, 0.0003353357606101781, 0.00034810794750228524, 0.0003464900073595345, 0.00033085784525610507, 0.0003426281036809087, 0.00034089916152879596, 0.0003064594930037856, 0.0003228376735933125, 0.0003155551676172763, 0.00030112414970062673, 0.0002907742455136031, 0.00028807183844037354, 0.00030689442064613104, 0.0002883190754801035, 0.0002849024021998048, 0.0002971441426780075, 0.00029310499667190015, 0.00028573168674483895, 0.0002960476849693805, 0.0002661129110492766, 0.00028361150179989636, 0.0002746404497884214, 0.00025564542738720775, 0.0002536088868509978, 0.0002543007140047848, 0.00028191236197017133, 0.00026195083046332, 0.00024758398649282753, 0.00023763706849422306, 0.00023698106815572828]}