{"loss": [0.12544578313827515, 0.03459687530994415, 0.024409610778093338, 0.022055549547076225, 0.021136481314897537, 0.02069958858191967, 0.02040654979646206, 0.020191999152302742, 0.020026426762342453, 0.019897185266017914, 0.019799377769231796, 0.019726991653442383, 0.0196734257042408, 0.01963224820792675], "val_loss": [0.044948380440473557, 0.027130912989377975, 0.02304917387664318, 0.021670086309313774, 0.021070105955004692, 0.020725764334201813, 0.020467178896069527, 0.02027423121035099, 0.02012362889945507, 0.020005404949188232, 0.019922414794564247, 0.01985926926136017, 0.019814278930425644, 0.01977621018886566]}