{"loss": [0.03253550082445145, 0.01793305203318596, 0.017195483669638634, 0.0168456993997097, 0.01662403717637062, 0.016479425132274628, 0.01637040078639984, 0.016286592930555344, 0.01622169464826584, 0.01616080477833748, 0.01610323041677475, 0.016064727678894997, 0.016025569289922714, 0.015985578298568726, 0.015958812087774277, 0.015932882204651833, 0.015906261280179024, 0.01588588021695614, 0.01585853286087513, 0.015839850530028343, 0.015820343047380447, 0.015806587412953377, 0.01578989438712597, 0.0157664455473423, 0.01576029323041439, 0.01574336364865303, 0.015733059495687485, 0.015718335285782814, 0.015708141028881073, 0.01569848135113716, 0.01568574644625187, 0.015686199069023132, 0.015664879232645035, 0.015663009136915207, 0.015653030946850777, 0.01564522460103035, 0.015635959804058075, 0.015629716217517853, 0.01562055665999651, 0.015621955506503582, 0.015609308145940304, 0.015607208013534546, 0.015596668235957623, 0.015605057589709759, 0.015592655166983604, 0.015581542626023293, 0.015583488158881664, 0.01557918917387724, 0.01556515321135521, 0.015572983771562576], "val_loss": [0.01863139308989048, 0.01751883327960968, 0.016996780410408974, 0.016788406297564507, 0.016619130969047546, 0.016473181545734406, 0.016384312883019447, 0.016328494995832443, 0.01623476855456829, 0.016215549781918526, 0.01614202931523323, 0.016120856627821922, 0.016092410311102867, 0.016064463183283806, 0.016041215509176254, 0.016031086444854736, 0.01600106619298458, 0.01598801091313362, 0.01596088893711567, 0.01591823436319828, 0.015925394371151924, 0.01592021808028221, 0.01588866300880909, 0.015874814242124557, 0.01586095243692398, 0.015851272270083427, 0.015855783596634865, 0.01582900434732437, 0.015810415148735046, 0.015832718461751938, 0.01583687774837017, 0.015788938850164413, 0.015812493860721588, 0.015806999057531357, 0.01583135686814785, 0.015803391113877296, 0.01579996943473816, 0.015819773077964783, 0.01577642373740673, 0.015794340521097183, 0.015821916982531548, 0.01577669009566307, 0.015772059559822083, 0.015784695744514465, 0.015770090743899345, 0.015822304412722588, 0.01577633060514927, 0.01580837555229664, 0.015778256580233574, 0.015803618356585503]}