{"loss": [0.45597195625305176, 0.10580863803625107, 0.03828935697674751, 0.031148681417107582, 0.024449221789836884, 0.020094264298677444, 0.015860026702284813, 0.011174475774168968, 0.00838790275156498, 0.007791223470121622, 0.007312674541026354, 0.006994402967393398, 0.006132892798632383, 0.004948385525494814, 0.004606147296726704, 0.004281388130038977, 0.004098920151591301, 0.003914647735655308, 0.0038158888928592205, 0.0036625261418521404, 0.0034987428225576878, 0.0034641160164028406, 0.0033268232364207506, 0.0032024201937019825, 0.0032131460029631853, 0.0031239893287420273, 0.0029823502991348505, 0.002871987409889698, 0.002790669910609722, 0.0027178649324923754, 0.002617551013827324, 0.0025151080917567015, 0.0024099121801555157, 0.002310060663148761, 0.0022686016745865345, 0.0021302159875631332, 0.002107426756992936, 0.001991368131712079, 0.001954821404069662, 0.0018980021122843027, 0.0018545094644650817, 0.001773162977769971, 0.0017516424413770437, 0.0017166899051517248, 0.0016894083237275481, 0.0016415538266301155, 0.0016069954726845026, 0.0015974031994119287, 0.0015312166651710868, 0.0015145913930609822, 0.0014970421325415373, 0.0014620814472436905, 0.0014282234478741884, 0.0014088015304878354, 0.0013748165220022202, 0.0013677134411409497, 0.001365347416140139, 0.001331595703959465, 0.001337645691819489, 0.0013346887426450849, 0.0013073381269350648, 0.0012811952037736773, 0.0012521366588771343, 0.0012364299036562443, 0.001248896587640047, 0.0012387713650241494, 0.0011882203398272395, 0.0011876639910042286, 0.0011847795685753226, 0.0011844949331134558, 0.0011597898555919528, 0.0011522616259753704, 0.001148844021372497, 0.0011413900647312403, 0.0011367005063220859, 0.001137694576755166, 0.0011088569881394506, 0.0011146662291139364, 0.0010934449965134263, 0.0011059001553803682, 0.0010835708817467093, 0.0010906191309913993, 0.0010870408732444048, 0.0010626412695273757, 0.0010815922869369388, 0.0010540814837440848, 0.001039499300532043, 0.0010619107633829117, 0.0010363275650888681, 0.0010244130389764905, 0.00103482895065099, 0.0010154685005545616, 0.00100590824149549, 0.001008905004709959, 0.0010261706775054336], "val_loss": [0.05250813439488411, 0.053710173815488815, 0.039162591099739075, 0.027481593191623688, 0.02239171974360943, 0.017680564895272255, 0.013147437945008278, 0.009076805785298347, 0.00788901187479496, 0.00751114496961236, 0.007173923309892416, 0.006507197394967079, 0.005362219177186489, 0.004622432868927717, 0.004288515076041222, 0.004128761123865843, 0.004009573254734278, 0.0038512288592755795, 0.003769448958337307, 0.003580374177545309, 0.0034239988308399916, 0.0032916523050516844, 0.003252120688557625, 0.00316211418248713, 0.003228095592930913, 0.0029768606182187796, 0.002877474296838045, 0.0027733759488910437, 0.0026867727283388376, 0.0026271487586200237, 0.0024714490864425898, 0.0024876482784748077, 0.0023349893745034933, 0.002208185847848654, 0.00212682131677866, 0.002063079969957471, 0.002079870318993926, 0.0019971115980297327, 0.0019005320500582457, 0.0018694159807637334, 0.0018402514979243279, 0.0017465190030634403, 0.001734466990455985, 0.0016717299586161971, 0.0016102878144010901, 0.001578171388246119, 0.0015612492570653558, 0.0015380586264654994, 0.001498109195381403, 0.0014556656824424863, 0.0014894437044858932, 0.001451185205951333, 0.0014200919540598989, 0.0013834898127242923, 0.001354030566290021, 0.001336981076747179, 0.0013728630729019642, 0.0013251585187390447, 0.0013081950601190329, 0.0013025386724621058, 0.001279209041967988, 0.0012603135546669364, 0.0012605172814801335, 0.0012484125327318907, 0.0012074810219928622, 0.0012088734656572342, 0.0011940891854465008, 0.0012052868260070682, 0.001156652346253395, 0.0011544300941750407, 0.001172053162008524, 0.00114673119969666, 0.0011472407495602965, 0.0011407408164814115, 0.001108391210436821, 0.0011168732307851315, 0.00112998450640589, 0.001099162152968347, 0.0010754085378721356, 0.0010610035387799144, 0.0010524123208597302, 0.0010824896162375808, 0.001049827435053885, 0.0011097005335614085, 0.001057509216479957, 0.0010297364788129926, 0.0010300404392182827, 0.0010261321440339088, 0.00101688620634377, 0.0010218751849606633, 0.0010230212938040495, 0.0009895525872707367, 0.0010084055829793215, 0.001027317252010107, 0.0009966936195269227]}