{"loss": [0.0934138149023056, 0.010160320438444614, 0.006664815358817577, 0.005748327821493149, 0.0041847191751003265, 0.0026521794497966766, 0.0022257803939282894, 0.0018743709661066532, 0.0016574476612731814, 0.0014869034057483077, 0.0012640943750739098, 0.0011732149869203568, 0.0010888490360230207, 0.0010388194350525737, 0.000990919186733663, 0.0009502901812084019, 0.0009031269000843167, 0.0008922595879994333, 0.0008598216809332371, 0.000831295270472765, 0.0008060269174166024, 0.000791001133620739, 0.0007701520225964487, 0.0007643598946742713, 0.0007413920247927308, 0.0007370660896413028, 0.0007142925751395524, 0.0007047440158203244, 0.0006799050024710596, 0.0006714395130984485, 0.0006583281792700291, 0.0006454766844399273, 0.0006482324679382145, 0.0006353053031489253, 0.0006225412362255156, 0.0006164556834846735, 0.0006091211689636111, 0.0005949601763859391, 0.0005878751398995519, 0.0005795321194455028, 0.0005682717892341316, 0.0005784191889688373, 0.0005621733726002276, 0.000550754542928189, 0.0005425917915999889, 0.0005375843611545861, 0.0005266378866508603, 0.0005190249648876488, 0.0005152141093276441, 0.0005194180994294584, 0.000517001491971314, 0.0004956253105774522, 0.0005002240068279207, 0.0004933734890073538, 0.00047939165960997343, 0.00047747144708409905, 0.0004906120011582971, 0.0004719733842648566, 0.00045584444887936115, 0.0004590352182276547, 0.00044575895299203694, 0.0004448176478035748, 0.000445960380602628, 0.0004407685773912817, 0.00043594776070676744, 0.0004414590948726982, 0.0004260112764313817, 0.00042340325308032334, 0.00041421494097448885, 0.0004182958509773016, 0.000409712694818154, 0.00040939718019217253, 0.0003980819892603904, 0.000400486052967608, 0.00039918700349517167, 0.0003930627426598221, 0.0003847144835162908, 0.0004028180264867842, 0.0003888254286721349, 0.0003812127688433975, 0.0003771671617869288, 0.00037230332964099944, 0.0003647439007181674, 0.0003599959018174559, 0.00036465885932557285, 0.0003855347167700529, 0.0003548812528606504, 0.0003569473628886044, 0.0003494792617857456, 0.00034973715082742274, 0.00035222750739194453, 0.0003435305261518806, 0.0003367617609910667, 0.0003402312577236444, 0.0003304813290014863, 0.00032994901994243264, 0.0003324183344375342, 0.0003283811383880675, 0.0003383552539162338, 0.0003269010048825294], "val_loss": [0.013311305083334446, 0.007598071824759245, 0.006053227465599775, 0.005427162628620863, 0.002992898691445589, 0.0024330015294253826, 0.0020529760513454676, 0.0017503421986475587, 0.0015354991191998124, 0.001355657004751265, 0.0012308063451200724, 0.001109930220991373, 0.001069870893843472, 0.001022648299112916, 0.0009920895099639893, 0.0009137024753727019, 0.0008812455926090479, 0.0008808091515675187, 0.0008750424021854997, 0.00083322380669415, 0.0007860595942474902, 0.0007980991504155099, 0.0008035424398258328, 0.0007817322039045393, 0.0007697312394157052, 0.0007318360731005669, 0.0007327360799536109, 0.0006991490954533219, 0.0006867065676487982, 0.0006845948519185185, 0.0006519572925753891, 0.0006286465213634074, 0.0006254971376620233, 0.000648435961920768, 0.0006012156372889876, 0.0006349400500766933, 0.0005921098054386675, 0.00063322827918455, 0.0005929499166086316, 0.0005657993024215102, 0.0005812413874082267, 0.0005713775171898305, 0.0005641687894240022, 0.0005508766626007855, 0.0005457961815409362, 0.0005380469374358654, 0.0005352123407647014, 0.0005298276664689183, 0.000530151417478919, 0.0005250519025139511, 0.0005217494326643646, 0.0005329236737452447, 0.0004975291667506099, 0.0004910843563266098, 0.0004884462105110288, 0.00046532804844900966, 0.0004694240924436599, 0.00046574309817515314, 0.000489403901156038, 0.00046510659740306437, 0.00047776734572835267, 0.00045449749450199306, 0.00045466405572369695, 0.00043072772677987814, 0.0004372243711259216, 0.00043210238800384104, 0.0004185190482530743, 0.0004303480964154005, 0.0004163045377936214, 0.00043604313395917416, 0.0004317497950978577, 0.0004231170751154423, 0.0003987819654867053, 0.0004031107237096876, 0.000391260749893263, 0.00038808712270110846, 0.0003855436516460031, 0.00038594650686718524, 0.00037691317265853286, 0.00037744874134659767, 0.0003692199825309217, 0.00037242748658172786, 0.0003623903903644532, 0.00038355126162059605, 0.00037638976937159896, 0.0003627129481174052, 0.00036498368717730045, 0.00035076483618468046, 0.0003461998130660504, 0.0003640592913143337, 0.0003450496878940612, 0.0003446413320489228, 0.0003398000553715974, 0.00032897142227739096, 0.00033137548598460853, 0.0003411854850128293, 0.000326192588545382, 0.0003356930101290345, 0.00033732829615473747, 0.0003394903615117073]}