{"loss": [0.034262463450431824, 0.01900329627096653, 0.018415730446577072, 0.018119901418685913, 0.017877880483865738, 0.01771126501262188, 0.01758841797709465, 0.01751226931810379, 0.01743442937731743, 0.017383230850100517, 0.017339106649160385, 0.017300786450505257, 0.017264874652028084, 0.01723061315715313], "val_loss": [0.01956646889448166, 0.018616890534758568, 0.018242020159959793, 0.01800227351486683, 0.017784064635634422, 0.017705446109175682, 0.017614170908927917, 0.017489813268184662, 0.017458243295550346, 0.01742374338209629, 0.017368663102388382, 0.01733013615012169, 0.017300976440310478, 0.01727323979139328]}