{"loss": [0.6840115189552307, 0.48070502281188965, 0.06387251615524292, 0.03673410043120384, 0.02239549718797207, 0.018919458612799644, 0.015214204788208008, 0.010753568261861801, 0.007829266600310802, 0.005296789109706879, 0.004470987245440483, 0.0038739359006285667, 0.003405920462682843, 0.0030846225563436747, 0.002714493777602911, 0.002381192520260811, 0.002189285820350051, 0.0019373438553884625, 0.0018580193864181638, 0.0017143514705821872, 0.0016374862752854824, 0.001530486042611301, 0.0014782554935663939, 0.0014560987474396825, 0.0013835638528689742, 0.0013034689472988248, 0.0013028404209762812, 0.0012512397952377796, 0.001211184891872108, 0.001226067659445107, 0.0011906127911061049, 0.001121724140830338, 0.0010904358932748437, 0.001066987169906497, 0.0010883166687563062, 0.001030979910865426, 0.0010205248836427927, 0.001011784770525992, 0.0009990801336243749, 0.0009797794045880437, 0.0009708193829283118, 0.000940917176194489, 0.0009383256547152996, 0.0009332622867077589, 0.0009390689665451646, 0.0009208045667037368, 0.0008757453178986907, 0.0008643363835290074, 0.0008494526846334338, 0.0008497394737787545, 0.0008382367086596787, 0.0008334965677931905, 0.0008278825553134084, 0.0008094882941804826, 0.0008020964451134205, 0.0007992671453393996, 0.000819235690869391, 0.0008109728223644197, 0.000773195584770292, 0.0007937925984151661, 0.0007571575115434825, 0.000744746474083513, 0.0007426674128510058, 0.0007332829991355538, 0.0007450319244526327, 0.0007198391249403358, 0.0007246259483508766, 0.0007000043988227844, 0.0007030708366073668, 0.0006840128335170448, 0.0006769296596758068, 0.0006843270966783166, 0.0006741058314219117, 0.000669362663757056, 0.0006857785047031939, 0.0006881238659843802, 0.0006630168063566089, 0.0006521273753605783, 0.0006405537133105099, 0.0006474624969996512, 0.0006465210462920368, 0.0006423976738005877, 0.0006409271736629307, 0.0006354035576805472, 0.0006422655424103141, 0.0006270786980167031, 0.0006216593319550157, 0.0006106405635364354, 0.0006114601856097579], "val_loss": [0.6597147583961487, 0.054087135940790176, 0.06359922885894775, 0.021786730736494064, 0.0199879202991724, 0.016657164320349693, 0.012631640769541264, 0.009109923616051674, 0.006381132174283266, 0.004626782611012459, 0.004186979494988918, 0.0035525732673704624, 0.003127741627395153, 0.0028173583559691906, 0.0025206548161804676, 0.0022079958580434322, 0.0020108127500861883, 0.0018736583879217505, 0.001732999924570322, 0.001626261044293642, 0.0015060894656926394, 0.0014554904773831367, 0.0014004083350300789, 0.0013489646371454, 0.0013024957152083516, 0.0012720068916678429, 0.0013264548033475876, 0.0012114358833059669, 0.0011640357552096248, 0.0012056183768436313, 0.0011541523272171617, 0.0011180315632373095, 0.001092350808903575, 0.0010503086959943175, 0.0010405279463157058, 0.001005504629574716, 0.0010124562541022897, 0.0009827222675085068, 0.0009768222225829959, 0.0009521604515612125, 0.000961211568210274, 0.0009228138369508088, 0.0009258895297534764, 0.0008888051379472017, 0.0008856011554598808, 0.0008694337448105216, 0.0008672157418914139, 0.000872262055054307, 0.0008415442425757647, 0.0008280104375444353, 0.0008397203055210412, 0.0008192178211174905, 0.0008093157084658742, 0.0007914692396298051, 0.0007872760761529207, 0.000790403806604445, 0.0007852354901842773, 0.0007655654917471111, 0.0007428039098158479, 0.0007323793834075332, 0.0007663587457500398, 0.0007599793607369065, 0.0007238934049382806, 0.0007014463189989328, 0.0007037605391815305, 0.0007025547092780471, 0.00068754015956074, 0.0006906199851073325, 0.0007018519099801779, 0.00068483134964481, 0.0006759560783393681, 0.0006767021841369569, 0.0006674221367575228, 0.0006705706473439932, 0.0006593996076844633, 0.0006830875645391643, 0.0006350725889205933, 0.0006734334165230393, 0.0006242127274163067, 0.0006391649949364364, 0.0006401636055670679, 0.000622942519839853, 0.0006503339391201735, 0.0006186474929563701, 0.0006430345238186419, 0.0006012473604641855, 0.0006145464139990509, 0.0006221365765668452, 0.0006143650971353054]}