{"loss": [0.12012995779514313, 0.011064362712204456, 0.006507386919111013, 0.0036681178025901318, 0.002774873049929738, 0.002482379088178277, 0.002227967604994774, 0.0020056755747646093, 0.0018374731298536062, 0.0017492290353402495, 0.001656269421800971, 0.0015690899454057217, 0.0014902160037308931, 0.0014409940922632813, 0.0013314966345205903, 0.0012379861436784267, 0.0011871211463585496, 0.0011511932825669646, 0.0011205564951524138, 0.0010885453084483743, 0.0010539378272369504, 0.0010236542439088225, 0.0010258523980155587, 0.00097919930703938, 0.0009362130076624453, 0.0009208966512233019, 0.0009020335273817182, 0.0008777235052548349, 0.0008498107199557126, 0.0008389977738261223, 0.0008104711305350065, 0.0008101051207631826, 0.0007879488985054195, 0.0007607759907841682, 0.0007603210979141295, 0.0007411009282805026, 0.0007072437438182533, 0.0006884320173412561, 0.0007005691295489669, 0.0006717920769006014, 0.0006545886280946434, 0.0006356406956911087, 0.0006352264317683876, 0.0006264872499741614, 0.000595110235735774, 0.0005781390937045217, 0.0005769299459643662, 0.0005807426641695201, 0.0005609890213236213, 0.0005474642966873944, 0.0005402439273893833, 0.0005216784193180501, 0.000512580038048327, 0.000507968885358423, 0.0005004811100661755, 0.000490221253130585, 0.00046983908396214247, 0.00048443704145029187, 0.00046043997281230986, 0.0004517150518950075, 0.00044204926234669983, 0.0004388221132103354, 0.00042123915045522153, 0.00041421980131417513, 0.0004118960932828486, 0.0004164543643128127, 0.0003982735797762871, 0.0003859290445689112, 0.0003797609533648938, 0.0003817218530457467, 0.00038000778295099735, 0.00036182181793265045, 0.00036044398439116776, 0.00035021474468521774, 0.00035286194179207087, 0.00034767709439620376, 0.0003419433196540922, 0.00033724994864314795, 0.0003336960216984153, 0.0003389693738427013, 0.0003206966503057629, 0.00032347359228879213, 0.0003224287065677345, 0.00030706182587891817, 0.00030954796238802373, 0.00030236374004743993, 0.0003019993018824607, 0.00029333840939216316, 0.0002925665467046201, 0.00029892398742958903, 0.0002961656718980521, 0.0002808331046253443, 0.00027878681430593133, 0.0002787437115330249, 0.0002700624754652381, 0.0002660456520970911, 0.0002737389877438545, 0.00026675444678403437, 0.0002579815045464784, 0.0002533436054363847], "val_loss": [0.013611482456326485, 0.008546791970729828, 0.004616201855242252, 0.0030505440663546324, 0.0026165428571403027, 0.0023555210791528225, 0.002104539191350341, 0.0018775661010295153, 0.0017395139439031482, 0.0016398151637986302, 0.0015934028197079897, 0.0015338652301579714, 0.0014188778586685658, 0.0013575305929407477, 0.0012672432931140065, 0.0012255836045369506, 0.0011699879541993141, 0.0010907382238656282, 0.001075911452062428, 0.0010622729314491153, 0.0010293270461261272, 0.0009668136481195688, 0.0010494934394955635, 0.0009825933957472444, 0.0009254707838408649, 0.0008990154601633549, 0.0008500740514136851, 0.000850931741297245, 0.000828136398922652, 0.0007879176991991699, 0.0007956601330079138, 0.0007573236944153905, 0.0007676788954995573, 0.0007475981255993247, 0.0007557118078693748, 0.0006868502823635936, 0.0007119291112758219, 0.0006959196180105209, 0.0006423037266358733, 0.0006235463079065084, 0.0006091136019676924, 0.0005971543723717332, 0.0006219849456101656, 0.000605843320954591, 0.0005931503837928176, 0.0005802260129712522, 0.0005507721216417849, 0.0005624348414130509, 0.0005463451379910111, 0.0005140535649843514, 0.0005368349957279861, 0.000518090499099344, 0.0004841314803343266, 0.0004969745641574264, 0.00048542386502958834, 0.0004791106912307441, 0.0004692109359893948, 0.00045871699694544077, 0.0004288679047022015, 0.0004592621698975563, 0.00041121605318039656, 0.0004261471040081233, 0.00039744703099131584, 0.00042027595918625593, 0.0003798290272243321, 0.0004245766904205084, 0.00038814966683276, 0.0003661445516627282, 0.00037555492599494755, 0.00038794236024841666, 0.0003694822371471673, 0.000360354344593361, 0.00033418595558032393, 0.00034802290610969067, 0.0003516602155286819, 0.000349496491253376, 0.0003244378021918237, 0.00031821386073715985, 0.0003367394383531064, 0.00031992571894079447, 0.0003025931946467608, 0.0003260769881308079, 0.0002950346970465034, 0.0002964481827802956, 0.00030918073025532067, 0.0002849384618457407, 0.0002822855894919485, 0.0002748760743997991, 0.00028240084066055715, 0.00030913183582015336, 0.0002888189337681979, 0.0002816146006807685, 0.00030663245706819, 0.0002771361614577472, 0.00027312900056131184, 0.00026563851861283183, 0.00031034208950586617, 0.0002455491339787841, 0.00025636047939769924, 0.00025554283638484776]}