{"loss": [0.5268885493278503, 0.08967763930559158, 0.04497164860367775, 0.020950814709067345, 0.017109187319874763, 0.015668027102947235, 0.013670993968844414, 0.01193950418382883, 0.010205053724348545, 0.008185709826648235, 0.005366247612982988, 0.004164770245552063, 0.0035053298342972994, 0.0031454265117645264, 0.0029349850956350565, 0.0026729402597993612, 0.0024995908606797457, 0.0023621986620128155, 0.002244713017717004, 0.0021448913030326366, 0.0020566252060234547, 0.0020256105344742537, 0.001938664703629911, 0.0018464558525010943, 0.0018600615439936519, 0.0018087446223944426, 0.001747642527334392, 0.0017055294010788202, 0.0016670140903443098, 0.0016352967359125614, 0.0016044407384470105, 0.0015511546516790986, 0.0015418227994814515, 0.0015265627298504114, 0.001513371360488236, 0.0014564379816874862, 0.0014324120711535215, 0.0014192485250532627, 0.0013651340268552303, 0.001368292374536395, 0.0013591524912044406, 0.0012902662856504321, 0.0012800077674910426, 0.0012751126196235418, 0.001274306676350534, 0.0012624902883544564, 0.0012139225145801902, 0.0011945032747462392, 0.0011745716910809278, 0.0012045021867379546, 0.0011495350627228618, 0.0011282016057521105, 0.00110822229180485, 0.0011116794776171446, 0.001085477415472269, 0.0010950787691399455, 0.0010753415990620852, 0.0010594556806609035, 0.0010372321121394634, 0.0010269995545968413, 0.0010164068080484867, 0.00099868793040514, 0.0009738662629388273, 0.0009473511599935591, 0.0009755874052643776, 0.0009319200180470943, 0.0009307219879701734, 0.0009244327084161341, 0.0009067583596333861, 0.000904235930647701, 0.0009035039693117142, 0.0008828125428408384, 0.0008584497845731676, 0.000835619808640331, 0.0008293139981105924, 0.0008540669223293662, 0.0008109442424029112, 0.0008120059501379728, 0.0008048724848777056, 0.0007989380392245948, 0.0007769812946207821, 0.0007950090803205967, 0.000775371678173542, 0.0007665568264201283, 0.0007643373683094978, 0.0007619168027304113, 0.000754370994400233, 0.0007520413491874933, 0.0007515526958741248, 0.0007646011072210968, 0.0007333935936912894, 0.0007225453737191856, 0.000716277863830328], "val_loss": [0.06325627118349075, 0.0808480754494667, 0.02060833014547825, 0.020302660763263702, 0.015875093638896942, 0.014646625146269798, 0.012840702198445797, 0.011145063675940037, 0.009190242737531662, 0.006338875740766525, 0.0045219771564006805, 0.0037512783892452717, 0.0033266579266637564, 0.0029118359088897705, 0.002765447599813342, 0.0025256869848817587, 0.0024317894130945206, 0.0022939718328416348, 0.0021106235217303038, 0.0020996720995754004, 0.001963740447536111, 0.001967502059414983, 0.001862435950897634, 0.0018203181680291891, 0.0017698121955618262, 0.0017286345828324556, 0.0016932976432144642, 0.0017025121487677097, 0.0016087128315120935, 0.001621053903363645, 0.0015876544639468193, 0.0015067291678860784, 0.0015116697177290916, 0.0014785779640078545, 0.0014323802897706628, 0.0013902286300435662, 0.0013657541712746024, 0.001370190759189427, 0.0013202483532950282, 0.0013319667195901275, 0.0012903021415695548, 0.0012939386069774628, 0.0012703003594651818, 0.0012647333787754178, 0.0012344104470685124, 0.0011878281366080046, 0.0011756977764889598, 0.0011697018053382635, 0.0011719715548679233, 0.0011331585701555014, 0.0011080416152253747, 0.0010944288223981857, 0.001126765739172697, 0.0010682832216843963, 0.0010911993449553847, 0.0010437029413878918, 0.001022955635562539, 0.001007312093861401, 0.001024431549012661, 0.0010069553973153234, 0.0009849370690062642, 0.0009779117535799742, 0.0009633064037188888, 0.0009506713831797242, 0.0009300285018980503, 0.000937808130402118, 0.0009120872127823532, 0.0008951115887612104, 0.0008917506784200668, 0.0009006463224068284, 0.0008752875146456063, 0.0008417443605139852, 0.0008739170152693987, 0.0008390555158257484, 0.000813659920822829, 0.0008102217107079923, 0.0007974986801855266, 0.0007920702919363976, 0.0007967190467752516, 0.0007873890572227538, 0.0007819965248927474, 0.0007757397834211588, 0.0007971823797561228, 0.0007645944133400917, 0.0007879675249569118, 0.0007518808706663549, 0.000731113541405648, 0.0007554699550382793, 0.0007334226393140852, 0.0007213851204141974, 0.0007304064347408712, 0.0007218943792395294, 0.000723992707207799]}