{"loss": [0.41190052032470703, 0.0805722028017044, 0.03469488397240639, 0.021870477125048637, 0.015538704581558704, 0.014160513877868652, 0.010839761234819889, 0.00940483808517456, 0.008977712132036686, 0.008064037188887596, 0.006615163758397102, 0.006050322204828262, 0.00529123842716217, 0.004759575705975294, 0.0042962743900716305, 0.0037736985832452774, 0.0033347003627568483, 0.0029979210812598467, 0.0027266237884759903, 0.002436260227113962, 0.002267225179821253, 0.0019651963375508785, 0.0016643271083012223, 0.001515897922217846, 0.0013824562774971128, 0.0014429580187425017, 0.001333746942691505, 0.001292060362175107, 0.0012688231654465199, 0.0012073710095137358, 0.0011691894615069032, 0.0012268081773072481, 0.0011382118100300431, 0.0011445913696661592, 0.001123359426856041, 0.0011110370978713036, 0.0010716896504163742, 0.0011016667122021317, 0.0011174401734024286, 0.0011271466501057148, 0.0011279910104349256, 0.0011097620008513331, 0.0010570255108177662, 0.0010723037412390113, 0.001041543553583324, 0.0010723269078880548, 0.0011097040260210633, 0.0011024867417290807, 0.0010783614125102758, 0.0010014754952862859, 0.0010781779419630766, 0.0010441745398566127, 0.0010823931079357862, 0.0010977281490340829, 0.0010279740672558546, 0.001066527678631246, 0.0010499418713152409, 0.0010997946374118328, 0.001022395328618586, 0.001075443346053362, 0.001067486358806491, 0.001062184339389205, 0.0010751752415671945, 0.0010781331220641732, 0.0010017975000664592, 0.001023104297928512, 0.0009941523894667625, 0.001043681986629963, 0.0010422281920909882, 0.0010530957952141762, 0.000981945195235312, 0.0009636043687351048, 0.0010520562063902617, 0.0010082856751978397, 0.0010577766224741936, 0.0010443091159686446, 0.0010030721314251423, 0.0010306673357263207, 0.001022982643917203, 0.001015484449453652, 0.0010270839557051659, 0.0010208075400441885, 0.0010202040430158377, 0.0009759510867297649, 0.0010320424335077405, 0.0009994151769205928, 0.0010261429706588387, 0.0010137241333723068, 0.0009819725528359413, 0.0010378177976235747, 0.000993009889498353, 0.0009865527972579002, 0.0009826004970818758, 0.000977923977188766, 0.0009901997400447726, 0.001001961063593626, 0.0009850001661106944, 0.0010188755113631487, 0.0009819880360737443, 0.0009609803673811257], "val_loss": [0.03789862245321274, 0.0653957650065422, 0.02047005109488964, 0.018066400662064552, 0.013810968026518822, 0.012805824168026447, 0.010769925080239773, 0.008768439292907715, 0.008213957771658897, 0.007155177649110556, 0.006146064959466457, 0.005504812113940716, 0.004980924539268017, 0.004199200309813023, 0.003796727629378438, 0.003595776157453656, 0.0032015638425946236, 0.0027595506981015205, 0.002522810362279415, 0.0024209441617131233, 0.0021797618828713894, 0.001790853450074792, 0.0016163650434464216, 0.0014521522680297494, 0.0013956092298030853, 0.001306004822254181, 0.0013138485373929143, 0.001271247398108244, 0.0012268536956980824, 0.0011990313651040196, 0.0011918244417756796, 0.0011239114683121443, 0.0011683129705488682, 0.0010920019121840596, 0.0011173569364473224, 0.0011215038830414414, 0.0011070917826145887, 0.00112655118573457, 0.0011183706810697913, 0.0011161841684952378, 0.0011016360949724913, 0.001122063840739429, 0.0010933848097920418, 0.0010769948130473495, 0.0010448968969285488, 0.0010646412847563624, 0.0010909506818279624, 0.0010811402462422848, 0.0010292675578966737, 0.0010692946380004287, 0.0010659294202923775, 0.0010610686149448156, 0.0010823600459843874, 0.0010725249303504825, 0.0010111090959981084, 0.0010333133395761251, 0.0010034075239673257, 0.0010450218105688691, 0.0009897957788780332, 0.0011100281262770295, 0.0011001075617969036, 0.0010267426259815693, 0.0010279490379616618, 0.0010037912288680673, 0.0010217578383162618, 0.0010395008139312267, 0.0009831468341872096, 0.0009972586994990706, 0.0010666493326425552, 0.001047542318701744, 0.001070602796971798, 0.0010328450007364154, 0.0009944040793925524, 0.0010014086728915572, 0.0010517979972064495, 0.001023813965730369, 0.0009886587504297495, 0.0009828638285398483, 0.0010132250608876348, 0.000999161507934332, 0.0010027927346527576, 0.0009824488079175353, 0.0009495433187112212, 0.0009666012483648956, 0.0010048485128208995, 0.001022601267322898, 0.000979430042207241, 0.0009494139812886715, 0.0009686094708740711, 0.0009535993449389935, 0.0010048027615994215, 0.0009847584879025817, 0.0010218401439487934, 0.0009222507942467928, 0.000976849696598947, 0.0009857681579887867, 0.0009169006370939314, 0.0009831981733441353, 0.0010155540658161044, 0.0009655149187892675]}